NIVEL_DETALLE,SECTOR_NOMBRE,PLIEGO,EJECUTORA,TIPO_ACT_PROY_NOMBRE,GENERICA,FUENTE_FINANCIAMIENTO,PRODUCTO_PROYECTO,PROGRAMA_PPTO,pim,certificado,comp_anual,comprometido,devengado,FECHA_ACTUALIZACION_ARCHIVO
Detalle MINEM,ENERGIA Y MINAS,016. M. DE ENERGIA Y MINAS,001. MINISTERIO DE ENERGIA Y MINAS-CENTRAL,ACTIVIDAD,4. DONACIONES Y TRANSFERENCIAS,5. RECURSOS DETERMINADOS,,9002. ASIGNACIONES PRESUPUESTARIAS QUE NO RESULTAN EN PRODUCTOS,253449089.0,253449089.0,253449089.0,253449089.0,253449089.0,2026-09-15 09:00:27
Detalle MINEM,ENERGIA Y MINAS,016. M. DE ENERGIA Y MINAS,001. MINISTERIO DE ENERGIA Y MINAS-CENTRAL,ACTIVIDAD,5. OTROS GASTOS,2. RECURSOS DIRECTAMENTE RECAUDADOS,,9002. ASIGNACIONES PRESUPUESTARIAS QUE NO RESULTAN EN PRODUCTOS,173051253.0,173051253.0,169555855.21,169555855.21,169555855.21,2026-09-15 09:00:27
Detalle MINEM,ENERGIA Y MINAS,016. M. DE ENERGIA Y MINAS,005. MEM - DIRECCION GENERAL DE ELECTRIFICACION RURAL,ACTIVIDAD,4. DONACIONES Y TRANSFERENCIAS,3. RECURSOS POR OPERACIONES OFICIALES DE CREDITO,,9002. ASIGNACIONES PRESUPUESTARIAS QUE NO RESULTAN EN PRODUCTOS,81044051.0,46908308.550000004,42567726.410000004,42567726.41,42567726.41,2026-09-15 09:00:27
Detalle MINEM,ENERGIA Y MINAS,016. M. DE ENERGIA Y MINAS,001. MINISTERIO DE ENERGIA Y MINAS-CENTRAL,ACTIVIDAD,3. BIENES Y SERVICIOS,2. RECURSOS DIRECTAMENTE RECAUDADOS,,9002. ASIGNACIONES PRESUPUESTARIAS QUE NO RESULTAN EN PRODUCTOS,66934611.0,51365917.08,49215257.56000001,48864945.73,31235843.219999995,2026-09-15 09:00:27
Detalle MINEM,ENERGIA Y MINAS,016. M. DE ENERGIA Y MINAS,001. MINISTERIO DE ENERGIA Y MINAS-CENTRAL,ACTIVIDAD,1. PERSONAL Y OBLIGACIONES SOCIALES,2. RECURSOS DIRECTAMENTE RECAUDADOS,,9002. ASIGNACIONES PRESUPUESTARIAS QUE NO RESULTAN EN PRODUCTOS,40125718.0,39478974.0,39447014.98,26461617.71000001,26461617.71,2026-09-15 09:00:27
Detalle MINEM,ENERGIA Y MINAS,016. M. DE ENERGIA Y MINAS,005. MEM - DIRECCION GENERAL DE ELECTRIFICACION RURAL,ACTIVIDAD,4. DONACIONES Y TRANSFERENCIAS,5. RECURSOS DETERMINADOS,,0046. ACCESO Y USO DE LA ELECTRIFICACION RURAL,38172568.0,18727924.17,14802469.59,14802469.59,14802469.59,2026-09-15 09:00:27
Detalle MINEM,ENERGIA Y MINAS,016. M. DE ENERGIA Y MINAS,001. MINISTERIO DE ENERGIA Y MINAS-CENTRAL,ACTIVIDAD,4. DONACIONES Y TRANSFERENCIAS,1. RECURSOS ORDINARIOS,,0120. REMEDIACION DE PASIVOS AMBIENTALES MINEROS,34000000.0,34000000.0,0.0,0.0,0.0,2026-09-15 09:00:27
Detalle MINEM,ENERGIA Y MINAS,016. M. DE ENERGIA Y MINAS,001. MINISTERIO DE ENERGIA Y MINAS-CENTRAL,ACTIVIDAD,1. PERSONAL Y OBLIGACIONES SOCIALES,2. RECURSOS DIRECTAMENTE RECAUDADOS,,9001. ACCIONES CENTRALES,33588932.0,17086983.0,17075416.84,10704811.369999992,10704811.369999992,2026-09-15 09:00:27
Detalle MINEM,ENERGIA Y MINAS,016. M. DE ENERGIA Y MINAS,005. MEM - DIRECCION GENERAL DE ELECTRIFICACION RURAL,PROYECTO,6. ADQUISICION DE ACTIVOS NO FINANCIEROS,2. RECURSOS DIRECTAMENTE RECAUDADOS,"2282700. INSTALACION DEL SISTEMA DE ELECTRIFICACION RURAL DE LAS CUENCAS DE LOS RIOS CENEPA, COMAINA, NUMPATKAY Y SANTIAGO, DISTRITOS FRONTERIZOS DE EL CENEPA, IMAZA Y RIO SANTIAGO, REGION AMAZONAS",0046. ACCESO Y USO DE LA ELECTRIFICACION RURAL,29669879.0,9949874.780000001,7859468.6899999995,7859468.67,7859468.67,2026-09-15 09:00:27
Detalle MINEM,ENERGIA Y MINAS,016. M. DE ENERGIA Y MINAS,005. MEM - DIRECCION GENERAL DE ELECTRIFICACION RURAL,PROYECTO,6. ADQUISICION DE ACTIVOS NO FINANCIEROS,2. RECURSOS DIRECTAMENTE RECAUDADOS,"2565970. AMPLIACION DE LA ELECTRIFICACION RURAL EN EL DISTRITO DE ANDOAS, PROVINCIA DATEM DEL MARAÑON, REGION LORETO",0046. ACCESO Y USO DE LA ELECTRIFICACION RURAL,25020729.0,13041552.46,13041552.46,13041552.46,13041552.46,2026-09-15 09:00:27
Detalle MINEM,ENERGIA Y MINAS,016. M. DE ENERGIA Y MINAS,001. MINISTERIO DE ENERGIA Y MINAS-CENTRAL,ACTIVIDAD,4. DONACIONES Y TRANSFERENCIAS,1. RECURSOS ORDINARIOS,,9002. ASIGNACIONES PRESUPUESTARIAS QUE NO RESULTAN EN PRODUCTOS,23018814.0,23018814.0,23018814.0,23018814.0,23018814.0,2026-09-15 09:00:27
Detalle MINEM,ENERGIA Y MINAS,016. M. DE ENERGIA Y MINAS,001. MINISTERIO DE ENERGIA Y MINAS-CENTRAL,ACTIVIDAD,3. BIENES Y SERVICIOS,2. RECURSOS DIRECTAMENTE RECAUDADOS,,9001. ACCIONES CENTRALES,20446413.0,17316411.33,13531512.240000002,13378337.880000003,9717083.65,2026-09-15 09:00:27
Detalle MINEM,ENERGIA Y MINAS,221. INSTITUTO GEOLOGICO MINERO Y METALURGICO,001. INSTITUTO GEOLOGICO MINERO Y METALURGICO,ACTIVIDAD,1. PERSONAL Y OBLIGACIONES SOCIALES,1. RECURSOS ORDINARIOS,,9002. ASIGNACIONES PRESUPUESTARIAS QUE NO RESULTAN EN PRODUCTOS,16511757.0,15991025.950000001,15926697.880000005,11706619.620000005,10601566.280000003,2026-09-15 09:00:27
Detalle MINEM,ENERGIA Y MINAS,221. INSTITUTO GEOLOGICO MINERO Y METALURGICO,001. INSTITUTO GEOLOGICO MINERO Y METALURGICO,ACTIVIDAD,1. PERSONAL Y OBLIGACIONES SOCIALES,1. RECURSOS ORDINARIOS,,9001. ACCIONES CENTRALES,16170563.0,14709878.369999995,14658871.409999995,10613456.959999997,9655124.419999998,2026-09-15 09:00:27
Detalle MINEM,ENERGIA Y MINAS,016. M. DE ENERGIA Y MINAS,005. MEM - DIRECCION GENERAL DE ELECTRIFICACION RURAL,PROYECTO,6. ADQUISICION DE ACTIVOS NO FINANCIEROS,5. RECURSOS DETERMINADOS,"2565970. AMPLIACION DE LA ELECTRIFICACION RURAL EN EL DISTRITO DE ANDOAS, PROVINCIA DATEM DEL MARAÑON, REGION LORETO",0046. ACCESO Y USO DE LA ELECTRIFICACION RURAL,15872526.0,15745525.97,15661764.44,15661764.44,15661764.44,2026-09-15 09:00:27
Detalle MINEM,ENERGIA Y MINAS,016. M. DE ENERGIA Y MINAS,005. MEM - DIRECCION GENERAL DE ELECTRIFICACION RURAL,PROYECTO,6. ADQUISICION DE ACTIVOS NO FINANCIEROS,2. RECURSOS DIRECTAMENTE RECAUDADOS,2331616. AMPLIACION DE REDES DE DISTRIBUCION EN EL DEPARTAMENTO DE LA LIBERTAD,0046. ACCESO Y USO DE LA ELECTRIFICACION RURAL,15831194.0,10421837.07,10421837.07,10421837.07,10421837.07,2026-09-15 09:00:27
Detalle MINEM,ENERGIA Y MINAS,016. M. DE ENERGIA Y MINAS,005. MEM - DIRECCION GENERAL DE ELECTRIFICACION RURAL,PROYECTO,6. ADQUISICION DE ACTIVOS NO FINANCIEROS,5. RECURSOS DETERMINADOS,2322632. AMPLIACION DE REDES DE DISTRIBUCION EN EL DEPARTAMENTO DE PIURA,0046. ACCESO Y USO DE LA ELECTRIFICACION RURAL,15147979.0,15000817.24,14619504.719999999,14619504.719999999,14619504.72,2026-09-15 09:00:27
Detalle MINEM,ENERGIA Y MINAS,221. INSTITUTO GEOLOGICO MINERO Y METALURGICO,001. INSTITUTO GEOLOGICO MINERO Y METALURGICO,ACTIVIDAD,3. BIENES Y SERVICIOS,1. RECURSOS ORDINARIOS,,9001. ACCIONES CENTRALES,15076643.0,14852042.690000001,14257751.800000003,14156854.74,11809008.1,2026-09-15 09:00:27
Detalle MINEM,ENERGIA Y MINAS,016. M. DE ENERGIA Y MINAS,005. MEM - DIRECCION GENERAL DE ELECTRIFICACION RURAL,PROYECTO,6. ADQUISICION DE ACTIVOS NO FINANCIEROS,5. RECURSOS DETERMINADOS,"2573844. CREACION ELECTRIFICACION RURAL EN LAS LOCALIDADES DE LOS DISTRITOS DE ALTO NANAY, IQUITOS Y PUNCHANA DISTRITO DE IQUITOS - PROVINCIA DE MAYNAS - DEPARTAMENTO DE LORETO",0046. ACCESO Y USO DE LA ELECTRIFICACION RURAL,15065600.0,11590616.850000001,341961.88999999996,341961.88999999996,341961.88999999996,2026-09-15 09:00:27
Detalle MINEM,ENERGIA Y MINAS,220. INSTITUTO PERUANO DE ENERGIA NUCLEAR,001. INSTITUTO PERUANO DE ENERGIA NUCLEAR,ACTIVIDAD,1. PERSONAL Y OBLIGACIONES SOCIALES,1. RECURSOS ORDINARIOS,,9002. ASIGNACIONES PRESUPUESTARIAS QUE NO RESULTAN EN PRODUCTOS,14113731.0,14036115.259999998,14030576.370000001,8879153.579999998,8879153.58,2026-09-15 09:00:27
Detalle MINEM,ENERGIA Y MINAS,016. M. DE ENERGIA Y MINAS,005. MEM - DIRECCION GENERAL DE ELECTRIFICACION RURAL,PROYECTO,6. ADQUISICION DE ACTIVOS NO FINANCIEROS,5. RECURSOS DETERMINADOS,"2530648. AMPLIACION DE LA ELECTRIFICACION RURAL EN LAS PROVINCIAS DE DATEM DEL MARAÑON Y LORETO, REGION LORETO",0046. ACCESO Y USO DE LA ELECTRIFICACION RURAL,13420917.0,13390571.03,13390555.15,13390555.15,13390555.15,2026-09-15 09:00:27
Detalle MINEM,ENERGIA Y MINAS,016. M. DE ENERGIA Y MINAS,001. MINISTERIO DE ENERGIA Y MINAS-CENTRAL,ACTIVIDAD,3. BIENES Y SERVICIOS,5. RECURSOS DETERMINADOS,,9002. ASIGNACIONES PRESUPUESTARIAS QUE NO RESULTAN EN PRODUCTOS,12399165.0,12024164.0,12024164.0,12024164.0,0.0,2026-09-15 09:00:27
Detalle MINEM,ENERGIA Y MINAS,220. INSTITUTO PERUANO DE ENERGIA NUCLEAR,001. INSTITUTO PERUANO DE ENERGIA NUCLEAR,ACTIVIDAD,3. BIENES Y SERVICIOS,1. RECURSOS ORDINARIOS,,9001. ACCIONES CENTRALES,11814337.0,11803472.57,11803472.570000002,10983480.910000002,8598069.7,2026-09-15 09:00:27
Detalle MINEM,ENERGIA Y MINAS,016. M. DE ENERGIA Y MINAS,001. MINISTERIO DE ENERGIA Y MINAS-CENTRAL,ACTIVIDAD,1. PERSONAL Y OBLIGACIONES SOCIALES,1. RECURSOS ORDINARIOS,,9001. ACCIONES CENTRALES,11557372.0,9335479.55,9288562.69,6881898.669999996,6862699.379999994,2026-09-15 09:00:27
Detalle MINEM,ENERGIA Y MINAS,016. M. DE ENERGIA Y MINAS,001. MINISTERIO DE ENERGIA Y MINAS-CENTRAL,ACTIVIDAD,3. BIENES Y SERVICIOS,1. RECURSOS ORDINARIOS,,9001. ACCIONES CENTRALES,11447585.0,11087213.059999999,11071211.1,11021440.76,7276243.68,2026-09-15 09:00:27
Detalle MINEM,ENERGIA Y MINAS,016. M. DE ENERGIA Y MINAS,005. MEM - DIRECCION GENERAL DE ELECTRIFICACION RURAL,PROYECTO,6. ADQUISICION DE ACTIVOS NO FINANCIEROS,2. RECURSOS DIRECTAMENTE RECAUDADOS,2001621. ESTUDIOS DE PRE-INVERSION,0046. ACCESO Y USO DE LA ELECTRIFICACION RURAL,11422170.0,3657450.35,3647450.35,3647450.35,3287600.4,2026-09-15 09:00:27
Detalle MINEM,ENERGIA Y MINAS,016. M. DE ENERGIA Y MINAS,005. MEM - DIRECCION GENERAL DE ELECTRIFICACION RURAL,PROYECTO,6. ADQUISICION DE ACTIVOS NO FINANCIEROS,5. RECURSOS DETERMINADOS,"2282700. INSTALACION DEL SISTEMA DE ELECTRIFICACION RURAL DE LAS CUENCAS DE LOS RIOS CENEPA, COMAINA, NUMPATKAY Y SANTIAGO, DISTRITOS FRONTERIZOS DE EL CENEPA, IMAZA Y RIO SANTIAGO, REGION AMAZONAS",0046. ACCESO Y USO DE LA ELECTRIFICACION RURAL,11380000.0,11319329.340000002,11319329.34,11319329.34,11319329.34,2026-09-15 09:00:27
Detalle MINEM,ENERGIA Y MINAS,016. M. DE ENERGIA Y MINAS,001. MINISTERIO DE ENERGIA Y MINAS-CENTRAL,ACTIVIDAD,4. DONACIONES Y TRANSFERENCIAS,2. RECURSOS DIRECTAMENTE RECAUDADOS,,9002. ASIGNACIONES PRESUPUESTARIAS QUE NO RESULTAN EN PRODUCTOS,11160000.0,11000000.0,10800000.0,10800000.0,10800000.0,2026-09-15 09:00:27
Detalle MINEM,ENERGIA Y MINAS,016. M. DE ENERGIA Y MINAS,005. MEM - DIRECCION GENERAL DE ELECTRIFICACION RURAL,PROYECTO,6. ADQUISICION DE ACTIVOS NO FINANCIEROS,2. RECURSOS DIRECTAMENTE RECAUDADOS,"2530648. AMPLIACION DE LA ELECTRIFICACION RURAL EN LAS PROVINCIAS DE DATEM DEL MARAÑON Y LORETO, REGION LORETO",0046. ACCESO Y USO DE LA ELECTRIFICACION RURAL,10861074.0,8800124.86,8800124.86,8800124.86,8800124.86,2026-09-15 09:00:27
Detalle MINEM,ENERGIA Y MINAS,016. M. DE ENERGIA Y MINAS,001. MINISTERIO DE ENERGIA Y MINAS-CENTRAL,PROYECTO,6. ADQUISICION DE ACTIVOS NO FINANCIEROS,2. RECURSOS DIRECTAMENTE RECAUDADOS,"2719078. ADQUISICION DE SERVIDOR, HARDWARE GENERAL, HARDWARE GENERAL Y SWITCH; ADEMAS DE OTROS ACTIVOS EN EL(LA) SEDE CENTRAL DEL MINISTERIO DE ENERGIA Y MINAS EN EL CENTRO POBLADO SAN FRANCISCO DE BORJA, DISTRITO DE SAN BORJA, PROVINCIA LIMA, DEPARTAMENTO LIMA",9002. ASIGNACIONES PRESUPUESTARIAS QUE NO RESULTAN EN PRODUCTOS,10481964.0,10366788.34,6174788.15,6174788.15,6174788.15,2026-09-15 09:00:27
Detalle MINEM,ENERGIA Y MINAS,220. INSTITUTO PERUANO DE ENERGIA NUCLEAR,001. INSTITUTO PERUANO DE ENERGIA NUCLEAR,ACTIVIDAD,1. PERSONAL Y OBLIGACIONES SOCIALES,1. RECURSOS ORDINARIOS,,9001. ACCIONES CENTRALES,10414425.0,9943762.96,9259577.84,6168258.929999999,6089941.43,2026-09-15 09:00:27
Detalle MINEM,ENERGIA Y MINAS,016. M. DE ENERGIA Y MINAS,001. MINISTERIO DE ENERGIA Y MINAS-CENTRAL,PROYECTO,6. ADQUISICION DE ACTIVOS NO FINANCIEROS,2. RECURSOS DIRECTAMENTE RECAUDADOS,2001621. ESTUDIOS DE PRE-INVERSION,9001. ACCIONES CENTRALES,10355671.0,0.0,0.0,0.0,0.0,2026-09-15 09:00:27
Detalle MINEM,ENERGIA Y MINAS,016. M. DE ENERGIA Y MINAS,001. MINISTERIO DE ENERGIA Y MINAS-CENTRAL,ACTIVIDAD,4. DONACIONES Y TRANSFERENCIAS,1. RECURSOS ORDINARIOS,,9001. ACCIONES CENTRALES,10000000.0,6624555.0,0.0,0.0,0.0,2026-09-15 09:00:27
Detalle MINEM,ENERGIA Y MINAS,016. M. DE ENERGIA Y MINAS,005. MEM - DIRECCION GENERAL DE ELECTRIFICACION RURAL,PROYECTO,6. ADQUISICION DE ACTIVOS NO FINANCIEROS,5. RECURSOS DETERMINADOS,2001621. ESTUDIOS DE PRE-INVERSION,0046. ACCESO Y USO DE LA ELECTRIFICACION RURAL,9989521.0,9970492.370000001,9029579.93,9029579.93,8566108.72,2026-09-15 09:00:27
Detalle MINEM,ENERGIA Y MINAS,016. M. DE ENERGIA Y MINAS,001. MINISTERIO DE ENERGIA Y MINAS-CENTRAL,ACTIVIDAD,3. BIENES Y SERVICIOS,2. RECURSOS DIRECTAMENTE RECAUDADOS,,0126. FORMALIZACION MINERA DE LA PEQUEÑA MINERIA Y MINERIA ARTESANAL,9352328.0,5263354.54,4896927.74,4896927.739999999,4159427.74,2026-09-15 09:00:27
Detalle MINEM,ENERGIA Y MINAS,016. M. DE ENERGIA Y MINAS,005. MEM - DIRECCION GENERAL DE ELECTRIFICACION RURAL,ACTIVIDAD,1. PERSONAL Y OBLIGACIONES SOCIALES,1. RECURSOS ORDINARIOS,,9001. ACCIONES CENTRALES,8519969.0,7795350.0,6636965.99,4644372.89,4284626.25,2026-09-15 09:00:27
Detalle MINEM,ENERGIA Y MINAS,016. M. DE ENERGIA Y MINAS,005. MEM - DIRECCION GENERAL DE ELECTRIFICACION RURAL,PROYECTO,6. ADQUISICION DE ACTIVOS NO FINANCIEROS,5. RECURSOS DETERMINADOS,2526611. AMPLIACION DEL SERVICIO DE ELECTRIFICACION RURAL EN LOS SECTORES DE LOS CASERIOS DEL DISTRITO DE NAMBALLE - PROVINCIA DE SAN IGNACIO - DEPARTAMENTO DE CAJAMARCA,0046. ACCESO Y USO DE LA ELECTRIFICACION RURAL,8516174.0,8509744.93,6707619.31,6707619.3100000005,6707619.3100000005,2026-09-15 09:00:27
Detalle MINEM,ENERGIA Y MINAS,016. M. DE ENERGIA Y MINAS,005. MEM - DIRECCION GENERAL DE ELECTRIFICACION RURAL,PROYECTO,6. ADQUISICION DE ACTIVOS NO FINANCIEROS,2. RECURSOS DIRECTAMENTE RECAUDADOS,2627789. CREACION DEL SERVICIO DE SUMINISTRO ELECTRICO DOMICILIARIO EN ZONAS RURALES EN 3 UNIDADES PRODUCTORAS 3 DISTRITOS DE LA PROVINCIA DE LORETO DEL DEPARTAMENTO DE LORETO,0046. ACCESO Y USO DE LA ELECTRIFICACION RURAL,7946844.0,3839501.35,522849.35,522849.35,522849.35,2026-09-15 09:00:27
Detalle MINEM,ENERGIA Y MINAS,016. M. DE ENERGIA Y MINAS,005. MEM - DIRECCION GENERAL DE ELECTRIFICACION RURAL,PROYECTO,6. ADQUISICION DE ACTIVOS NO FINANCIEROS,5. RECURSOS DETERMINADOS,2384752. AMPLIACION DE REDES DE DISTRIBUCION EN LA ZONA SUR - DISTRITO DE YUNGUYO - PROVINCIA DE YUNGUYO - DEPARTAMENTO DE PUNO,0046. ACCESO Y USO DE LA ELECTRIFICACION RURAL,7150659.0,5986168.6,5420082.98,5420082.98,5420082.98,2026-09-15 09:00:27
Detalle MINEM,ENERGIA Y MINAS,221. INSTITUTO GEOLOGICO MINERO Y METALURGICO,001. INSTITUTO GEOLOGICO MINERO Y METALURGICO,ACTIVIDAD,3. BIENES Y SERVICIOS,1. RECURSOS ORDINARIOS,,9002. ASIGNACIONES PRESUPUESTARIAS QUE NO RESULTAN EN PRODUCTOS,6727112.0,6635020.659999999,6552094.370000001,6406279.88,4981959.49,2026-09-15 09:00:27
Detalle MINEM,ENERGIA Y MINAS,016. M. DE ENERGIA Y MINAS,005. MEM - DIRECCION GENERAL DE ELECTRIFICACION RURAL,ACTIVIDAD,1. PERSONAL Y OBLIGACIONES SOCIALES,2. RECURSOS DIRECTAMENTE RECAUDADOS,,9001. ACCIONES CENTRALES,6703830.0,5219620.7299999995,5208679.149999999,2219483.8200000003,2219483.8200000003,2026-09-15 09:00:27
Detalle MINEM,ENERGIA Y MINAS,016. M. DE ENERGIA Y MINAS,005. MEM - DIRECCION GENERAL DE ELECTRIFICACION RURAL,PROYECTO,6. ADQUISICION DE ACTIVOS NO FINANCIEROS,5. RECURSOS DETERMINADOS,"2251104. AMPLIACION DE REDES ELECTRICAS EN LAS ZONAS RURALES DE LOS DISTRITOS DE CHANCHAMAYO, SAN RAMON, PACCHA, RICRAN, CARHUAMAYO Y ULCUMAYO I ETAPA DE LA REGION JUNIN",0046. ACCESO Y USO DE LA ELECTRIFICACION RURAL,6500000.0,6282431.34,5010390.13,4950545.19,4950545.19,2026-09-15 09:00:27
Detalle MINEM,ENERGIA Y MINAS,016. M. DE ENERGIA Y MINAS,005. MEM - DIRECCION GENERAL DE ELECTRIFICACION RURAL,PROYECTO,6. ADQUISICION DE ACTIVOS NO FINANCIEROS,3. RECURSOS POR OPERACIONES OFICIALES DE CREDITO,2521231. PROGRAMA PLAN DE INVERSIONES DE TRANSMISION (PIT). RECUPERACION ECONOMICA POST COVID-19 EN PERU,9002. ASIGNACIONES PRESUPUESTARIAS QUE NO RESULTAN EN PRODUCTOS,6400559.0,3714996.6100000003,3631574.21,2492716.95,2240677.91,2026-09-15 09:00:27
Detalle MINEM,ENERGIA Y MINAS,016. M. DE ENERGIA Y MINAS,005. MEM - DIRECCION GENERAL DE ELECTRIFICACION RURAL,PROYECTO,6. ADQUISICION DE ACTIVOS NO FINANCIEROS,2. RECURSOS DIRECTAMENTE RECAUDADOS,2386676. AMPLIACION DEL SERVICIO DE ELECTRIFICACION RURAL EN LAS PROVINCIAS DE LEONCIO PRADO Y MARAÑON DEL DEPARTAMENTO DE HUANUCO Y LA PROVINCIA DE TOCACHE DEL DEPARTAMENTO DE SAN MARTIN,0046. ACCESO Y USO DE LA ELECTRIFICACION RURAL,6354488.0,3093824.0,3093824.0,3093824.0,3093824.0,2026-09-15 09:00:27
Detalle MINEM,ENERGIA Y MINAS,016. M. DE ENERGIA Y MINAS,001. MINISTERIO DE ENERGIA Y MINAS-CENTRAL,ACTIVIDAD,1. PERSONAL Y OBLIGACIONES SOCIALES,1. RECURSOS ORDINARIOS,,9002. ASIGNACIONES PRESUPUESTARIAS QUE NO RESULTAN EN PRODUCTOS,6179302.0,5008589.0,4987094.79,3384675.489999999,3384675.07,2026-09-15 09:00:27
Detalle MINEM,ENERGIA Y MINAS,016. M. DE ENERGIA Y MINAS,005. MEM - DIRECCION GENERAL DE ELECTRIFICACION RURAL,PROYECTO,6. ADQUISICION DE ACTIVOS NO FINANCIEROS,5. RECURSOS DETERMINADOS,2331616. AMPLIACION DE REDES DE DISTRIBUCION EN EL DEPARTAMENTO DE LA LIBERTAD,0046. ACCESO Y USO DE LA ELECTRIFICACION RURAL,5636656.0,5578034.6,5577926.6,5577926.6,5577926.6,2026-09-15 09:00:27
Detalle MINEM,ENERGIA Y MINAS,016. M. DE ENERGIA Y MINAS,005. MEM - DIRECCION GENERAL DE ELECTRIFICACION RURAL,PROYECTO,6. ADQUISICION DE ACTIVOS NO FINANCIEROS,2. RECURSOS DIRECTAMENTE RECAUDADOS,"2657153. CREACION DEL SERVICIO DE SUMINISTRO ELECTRICO DOMICILIARIO EN ZONAS RURALES EN 4 UNIDADES PRODUCTORAS 4 DISTRITOS DE LAS PROVINCIAS DE MARAÑON, HUACAYBAMBA DEL DEPARTAMENTO DE HUANUCO",0046. ACCESO Y USO DE LA ELECTRIFICACION RURAL,5390589.0,798185.34,798185.34,798185.34,798185.34,2026-09-15 09:00:27
Detalle MINEM,ENERGIA Y MINAS,016. M. DE ENERGIA Y MINAS,005. MEM - DIRECCION GENERAL DE ELECTRIFICACION RURAL,PROYECTO,6. ADQUISICION DE ACTIVOS NO FINANCIEROS,2. RECURSOS DIRECTAMENTE RECAUDADOS,"2289167. INSTALACION DEL SISTEMA DE ELECTRIFICACION RURAL EN LAS CUENCAS DE LOS RIOS PUTUMAYO Y AMAZONAS, DISTRITOS FRONTERIZOS DE LAS PROVINCIAS DE PUTUMAYO Y MARISCAL RAMON CASTILLA, REGION LORETO",0046. ACCESO Y USO DE LA ELECTRIFICACION RURAL,5148761.0,235617.43,235617.43,235617.43,235617.43,2026-09-15 09:00:27
Detalle MINEM,ENERGIA Y MINAS,016. M. DE ENERGIA Y MINAS,005. MEM - DIRECCION GENERAL DE ELECTRIFICACION RURAL,PROYECTO,6. ADQUISICION DE ACTIVOS NO FINANCIEROS,5. RECURSOS DETERMINADOS,2328186. AMPLIACION DE REDES DE DISTRIBUCION EN EL DEPARTAMENTO DE HUANCAVELICA,0046. ACCESO Y USO DE LA ELECTRIFICACION RURAL,5000000.0,4936129.4,4790196.88,4790196.88,4790196.88,2026-09-15 09:00:27
Detalle MINEM,ENERGIA Y MINAS,016. M. DE ENERGIA Y MINAS,005. MEM - DIRECCION GENERAL DE ELECTRIFICACION RURAL,PROYECTO,6. ADQUISICION DE ACTIVOS NO FINANCIEROS,5. RECURSOS DETERMINADOS,2644178. AMPLIACION DE REDES DE DISTRIBUCION EN LA ZONA NORTE - DEPARTAMENTO DE PUNO,0046. ACCESO Y USO DE LA ELECTRIFICACION RURAL,4857576.0,4189977.82,2671691.52,2671691.52,2671691.52,2026-09-15 09:00:27
Detalle MINEM,ENERGIA Y MINAS,016. M. DE ENERGIA Y MINAS,005. MEM - DIRECCION GENERAL DE ELECTRIFICACION RURAL,ACTIVIDAD,3. BIENES Y SERVICIOS,2. RECURSOS DIRECTAMENTE RECAUDADOS,,9001. ACCIONES CENTRALES,4624503.0,3923430.19,3643591.78,3565895.7099999995,2215734.25,2026-09-15 09:00:27
Detalle MINEM,ENERGIA Y MINAS,016. M. DE ENERGIA Y MINAS,005. MEM - DIRECCION GENERAL DE ELECTRIFICACION RURAL,PROYECTO,6. ADQUISICION DE ACTIVOS NO FINANCIEROS,2. RECURSOS DIRECTAMENTE RECAUDADOS,"2684259. CREACION DEL SERVICIO DE SUMINISTRO ELECTRICO DOMICILIARIO EN ZONAS RURALES EN SER LAGUNAS, Y URARINAS DISTRITOS DE LAGUNAS, URARINAS DE LAS PROVINCIAS DE ALTO AMAZONAS, LORETO DEL DEPARTAMENTO DE LORETO",0046. ACCESO Y USO DE LA ELECTRIFICACION RURAL,4462104.0,4461685.0,330867.93,330867.93,330867.93,2026-09-15 09:00:27
Detalle MINEM,ENERGIA Y MINAS,016. M. DE ENERGIA Y MINAS,005. MEM - DIRECCION GENERAL DE ELECTRIFICACION RURAL,PROYECTO,6. ADQUISICION DE ACTIVOS NO FINANCIEROS,2. RECURSOS DIRECTAMENTE RECAUDADOS,2661515. CREACION DEL SERVICIO DE SUMINISTRO ELECTRICO DOMICILIARIO EN ZONAS RURALES EN 4 UNIDADES PRODUCTORAS 4 DISTRITOS DE LA PROVINCIA DE BOLIVAR DEL DEPARTAMENTO DE LA LIBERTAD,0046. ACCESO Y USO DE LA ELECTRIFICACION RURAL,4343976.0,92697.58,92697.58,92697.58,0.0,2026-09-15 09:00:27
Detalle MINEM,ENERGIA Y MINAS,016. M. DE ENERGIA Y MINAS,005. MEM - DIRECCION GENERAL DE ELECTRIFICACION RURAL,PROYECTO,6. ADQUISICION DE ACTIVOS NO FINANCIEROS,2. RECURSOS DIRECTAMENTE RECAUDADOS,2651116. MEJORAMIENTO Y AMPLIACION DEL SERVICIO DE SUMINISTRO ELECTRICO DOMICILIARIO EN ZONAS RURALES EN V ETAPA EN EL DISTRITO DE ANANEA DE LA PROVINCIA DE SAN ANTONIO DE PUTINA DEL DEPARTAMENTO DE PUNO,0046. ACCESO Y USO DE LA ELECTRIFICACION RURAL,4227634.0,4227633.0,0.0,0.0,0.0,2026-09-15 09:00:27
Detalle MINEM,ENERGIA Y MINAS,016. M. DE ENERGIA Y MINAS,001. MINISTERIO DE ENERGIA Y MINAS-CENTRAL,ACTIVIDAD,1. PERSONAL Y OBLIGACIONES SOCIALES,2. RECURSOS DIRECTAMENTE RECAUDADOS,,0126. FORMALIZACION MINERA DE LA PEQUEÑA MINERIA Y MINERIA ARTESANAL,3966127.0,3879536.0,3875944.36,2686719.65,2686719.65,2026-09-15 09:00:27
Detalle MINEM,ENERGIA Y MINAS,220. INSTITUTO PERUANO DE ENERGIA NUCLEAR,001. INSTITUTO PERUANO DE ENERGIA NUCLEAR,ACTIVIDAD,3. BIENES Y SERVICIOS,1. RECURSOS ORDINARIOS,,9002. ASIGNACIONES PRESUPUESTARIAS QUE NO RESULTAN EN PRODUCTOS,3892894.0,3892875.43,3892874.4299999997,3798845.019999999,2730396.09,2026-09-15 09:00:27
Detalle MINEM,ENERGIA Y MINAS,016. M. DE ENERGIA Y MINAS,005. MEM - DIRECCION GENERAL DE ELECTRIFICACION RURAL,PROYECTO,6. ADQUISICION DE ACTIVOS NO FINANCIEROS,5. RECURSOS DETERMINADOS,"2300330. CREACION DEL SISTEMA DE ELECTRIFICACION RURAL JAEN IV ETAPA, DEPARTAMENTO DE CAJAMARCA",0046. ACCESO Y USO DE LA ELECTRIFICACION RURAL,3865455.0,3531812.8499999996,2990278.62,2989947.7199999997,2913948.05,2026-09-15 09:00:27
Detalle MINEM,ENERGIA Y MINAS,016. M. DE ENERGIA Y MINAS,005. MEM - DIRECCION GENERAL DE ELECTRIFICACION RURAL,PROYECTO,6. ADQUISICION DE ACTIVOS NO FINANCIEROS,2. RECURSOS DIRECTAMENTE RECAUDADOS,"2649141. AMPLIACION DEL SERVICIO DE SUMINISTRO ELECTRICO DOMICILIARIO EN ZONAS RURALES EN LAS 42 LOCALIDADES DE LA CUENCA BAJA DEL ENE, DISTRITO DE RIO TAMBO DE LA PROVINCIA DE SATIPO DEL DEPARTAMENTO DE JUNIN",0046. ACCESO Y USO DE LA ELECTRIFICACION RURAL,3792566.0,0.0,0.0,0.0,0.0,2026-09-15 09:00:27
Detalle MINEM,ENERGIA Y MINAS,016. M. DE ENERGIA Y MINAS,005. MEM - DIRECCION GENERAL DE ELECTRIFICACION RURAL,PROYECTO,6. ADQUISICION DE ACTIVOS NO FINANCIEROS,2. RECURSOS DIRECTAMENTE RECAUDADOS,2328186. AMPLIACION DE REDES DE DISTRIBUCION EN EL DEPARTAMENTO DE HUANCAVELICA,0046. ACCESO Y USO DE LA ELECTRIFICACION RURAL,3734477.0,2618045.3499999996,2423225.3499999996,2423225.3499999996,2423225.3499999996,2026-09-15 09:00:27
Detalle MINEM,ENERGIA Y MINAS,016. M. DE ENERGIA Y MINAS,001. MINISTERIO DE ENERGIA Y MINAS-CENTRAL,PROYECTO,6. ADQUISICION DE ACTIVOS NO FINANCIEROS,1. RECURSOS ORDINARIOS,"2719078. ADQUISICION DE SERVIDOR, HARDWARE GENERAL, HARDWARE GENERAL Y SWITCH; ADEMAS DE OTROS ACTIVOS EN EL(LA) SEDE CENTRAL DEL MINISTERIO DE ENERGIA Y MINAS EN EL CENTRO POBLADO SAN FRANCISCO DE BORJA, DISTRITO DE SAN BORJA, PROVINCIA LIMA, DEPARTAMENTO LIMA",9002. ASIGNACIONES PRESUPUESTARIAS QUE NO RESULTAN EN PRODUCTOS,3728345.0,3728344.84,3728344.84,3728344.84,769062.11,2026-09-15 09:00:27
Detalle MINEM,ENERGIA Y MINAS,016. M. DE ENERGIA Y MINAS,005. MEM - DIRECCION GENERAL DE ELECTRIFICACION RURAL,PROYECTO,6. ADQUISICION DE ACTIVOS NO FINANCIEROS,2. RECURSOS DIRECTAMENTE RECAUDADOS,"2660212. CREACION DEL SERVICIO DE SUMINISTRO ELECTRICO DOMICILIARIO EN ZONAS RURALES EN SER RIO NEGRO, SATIPO DISTRITOS DE RIO NEGRO, SATIPO DE LA PROVINCIA DE SATIPO DEL DEPARTAMENTO DE JUNIN",0046. ACCESO Y USO DE LA ELECTRIFICACION RURAL,3632238.0,1402746.11,441939.31,441939.31,441939.31,2026-09-15 09:00:27
Detalle MINEM,ENERGIA Y MINAS,016. M. DE ENERGIA Y MINAS,005. MEM - DIRECCION GENERAL DE ELECTRIFICACION RURAL,PROYECTO,6. ADQUISICION DE ACTIVOS NO FINANCIEROS,2. RECURSOS DIRECTAMENTE RECAUDADOS,2322632. AMPLIACION DE REDES DE DISTRIBUCION EN EL DEPARTAMENTO DE PIURA,0046. ACCESO Y USO DE LA ELECTRIFICACION RURAL,3617469.0,200000.0,154323.45,154323.45,154323.45,2026-09-15 09:00:27
Detalle MINEM,ENERGIA Y MINAS,221. INSTITUTO GEOLOGICO MINERO Y METALURGICO,001. INSTITUTO GEOLOGICO MINERO Y METALURGICO,ACTIVIDAD,3. BIENES Y SERVICIOS,1. RECURSOS ORDINARIOS,,0068. REDUCCION DE VULNERABILIDAD Y ATENCION DE EMERGENCIAS POR DESASTRES,3543645.0,2720788.48,2698566.1599999997,2647079.8899999997,2089909.95,2026-09-15 09:00:27
Detalle MINEM,ENERGIA Y MINAS,016. M. DE ENERGIA Y MINAS,005. MEM - DIRECCION GENERAL DE ELECTRIFICACION RURAL,PROYECTO,6. ADQUISICION DE ACTIVOS NO FINANCIEROS,5. RECURSOS DETERMINADOS,"2384757. AMPLIACION DE REDES DE DISTRIBUCION EN LAS PROVINCIAS DE CUTERVO Y JAEN, DEPARTAMENTO DE CAJAMARCA DISTRITO DE CUTERVO - PROVINCIA DE CUTERVO - DEPARTAMENTO DE CAJAMARCA",0046. ACCESO Y USO DE LA ELECTRIFICACION RURAL,3420000.0,3420000.0,3311879.57,3308333.16,3308333.09,2026-09-15 09:00:27
Detalle MINEM,ENERGIA Y MINAS,016. M. DE ENERGIA Y MINAS,005. MEM - DIRECCION GENERAL DE ELECTRIFICACION RURAL,PROYECTO,6. ADQUISICION DE ACTIVOS NO FINANCIEROS,5. RECURSOS DETERMINADOS,2543630. AMPLIACION DEL SERVICIO DE ENERGIA ELECTRICA EN LA PROVINCIA DEL SANTA Y EN EL DISTRITO DE PAMPAROMAS - DEPARTAMENTO DE ANCASH,0046. ACCESO Y USO DE LA ELECTRIFICACION RURAL,3371600.0,3337463.89,3336594.7399999998,3336594.74,3336594.74,2026-09-15 09:00:27
Detalle MINEM,ENERGIA Y MINAS,016. M. DE ENERGIA Y MINAS,005. MEM - DIRECCION GENERAL DE ELECTRIFICACION RURAL,PROYECTO,6. ADQUISICION DE ACTIVOS NO FINANCIEROS,2. RECURSOS DIRECTAMENTE RECAUDADOS,2616865. AMPLIACION DEL SERVICIO DE SUMINISTRO ELECTRICO DOMICILIARIO EN ZONAS RURALES EN 11 UNIDADES PRODUCTORAS 11 DISTRITOS DE LA PROVINCIA DE CELENDIN DEL DEPARTAMENTO DE CAJAMARCA,0046. ACCESO Y USO DE LA ELECTRIFICACION RURAL,3330550.0,18442.01,16442.01,16442.01,0.0,2026-09-15 09:00:27
Detalle MINEM,ENERGIA Y MINAS,220. INSTITUTO PERUANO DE ENERGIA NUCLEAR,001. INSTITUTO PERUANO DE ENERGIA NUCLEAR,PROYECTO,6. ADQUISICION DE ACTIVOS NO FINANCIEROS,1. RECURSOS ORDINARIOS,"2709920. ADQUISICION DE EQUIPO DE LABORATORIO; EN EL(LA) DIRECCION DE SERVICIOS (CINCO SISTEMAS DE ESPECTROMETRIA GAMMA DE GERMANIO HIPERPURO DE ALTA RESOLUCION PARA OPTIMIZAR LOS SERVICIOS DE PROTECCION RADIOLOGICA) DEL IPEN, DISTRITO DE CARABAYLLO, PROVINCIA LIMA, DEPARTAMENTO LIMA",9002. ASIGNACIONES PRESUPUESTARIAS QUE NO RESULTAN EN PRODUCTOS,3330049.0,3330046.58,3330046.58,3330046.58,3330046.58,2026-09-15 09:00:27
Detalle MINEM,ENERGIA Y MINAS,016. M. DE ENERGIA Y MINAS,005. MEM - DIRECCION GENERAL DE ELECTRIFICACION RURAL,PROYECTO,6. ADQUISICION DE ACTIVOS NO FINANCIEROS,5. RECURSOS DETERMINADOS,"2279032. INSTALACION DEL SISTEMA DE ELECTRIFICACION RURAL DE LAS CUENCAS DE LOS RIOS MORONA, PASTAZA, CORRIENTES Y TIGRE, DSTRITOS FRONTERIZOS DE ANDOAS, MORONA, TIGRE Y TROMPETEROS, REGION LORETO",0046. ACCESO Y USO DE LA ELECTRIFICACION RURAL,3293569.0,3262989.56,2899182.01,2899182.01,2899092.01,2026-09-15 09:00:27
Detalle MINEM,ENERGIA Y MINAS,016. M. DE ENERGIA Y MINAS,005. MEM - DIRECCION GENERAL DE ELECTRIFICACION RURAL,PROYECTO,6. ADQUISICION DE ACTIVOS NO FINANCIEROS,5. RECURSOS DETERMINADOS,"2289167. INSTALACION DEL SISTEMA DE ELECTRIFICACION RURAL EN LAS CUENCAS DE LOS RIOS PUTUMAYO Y AMAZONAS, DISTRITOS FRONTERIZOS DE LAS PROVINCIAS DE PUTUMAYO Y MARISCAL RAMON CASTILLA, REGION LORETO",0046. ACCESO Y USO DE LA ELECTRIFICACION RURAL,3280000.0,3264000.0,2982381.2700000005,2982381.2700000005,2946381.2700000005,2026-09-15 09:00:27
Detalle MINEM,ENERGIA Y MINAS,016. M. DE ENERGIA Y MINAS,005. MEM - DIRECCION GENERAL DE ELECTRIFICACION RURAL,PROYECTO,6. ADQUISICION DE ACTIVOS NO FINANCIEROS,5. RECURSOS DETERMINADOS,"2282476. INSTALACION DEL SERVICIO ELECTRICO RURAL DE LAS LOCALIDADES DEL SECTOR 1, DE LAS PROVINCIAS CANAS, CANCHIS, CUSCO, PARURO, ESPINAR DEL DEPARTAMENTO DE CUSCO",0046. ACCESO Y USO DE LA ELECTRIFICACION RURAL,3278882.0,3187204.7700000005,2698501.48,2698501.4799999995,2698501.4799999995,2026-09-15 09:00:27
Detalle MINEM,ENERGIA Y MINAS,016. M. DE ENERGIA Y MINAS,005. MEM - DIRECCION GENERAL DE ELECTRIFICACION RURAL,PROYECTO,6. ADQUISICION DE ACTIVOS NO FINANCIEROS,5. RECURSOS DETERMINADOS,2233765. AMPLIACION DEL SISTEMA ELECTRICO RURAL DE LAS LOCALIDADES DEL DISTRITO DE PUERTO BERMUDEZ-PROVINCIA DE OXAPAMPA-PASCO,0046. ACCESO Y USO DE LA ELECTRIFICACION RURAL,3132358.0,3020447.37,2284315.6900000004,2284315.6900000004,2284315.6900000004,2026-09-15 09:00:27
Detalle MINEM,ENERGIA Y MINAS,016. M. DE ENERGIA Y MINAS,005. MEM - DIRECCION GENERAL DE ELECTRIFICACION RURAL,PROYECTO,6. ADQUISICION DE ACTIVOS NO FINANCIEROS,2. RECURSOS DIRECTAMENTE RECAUDADOS,"2318165. INSTALACION DEL SERVICIO ELECTRICO RURAL DE LAS LOCALIDADES DEL SECTOR 1, DE LAS PROVINCIAS MELGAR, LAMPA, AZANGARO, SAN ANTONIO DE PUTINA Y CARABAYA, DEL DEPARTAMENTO DE PUNO",0046. ACCESO Y USO DE LA ELECTRIFICACION RURAL,3108725.0,0.0,0.0,0.0,0.0,2026-09-15 09:00:27
Detalle MINEM,ENERGIA Y MINAS,016. M. DE ENERGIA Y MINAS,005. MEM - DIRECCION GENERAL DE ELECTRIFICACION RURAL,PROYECTO,6. ADQUISICION DE ACTIVOS NO FINANCIEROS,2. RECURSOS DIRECTAMENTE RECAUDADOS,2665243. CREACION DEL SERVICIO DE SUMINISTRO ELECTRICO DOMICILIARIO EN ZONAS RURALES EN 11 UNIDADES PRODUCTORAS 11 DISTRITOS DE 3 PROVINCIAS DEL DEPARTAMENTO DE MADRE DE DIOS,0046. ACCESO Y USO DE LA ELECTRIFICACION RURAL,3032651.0,744594.39,503610.1,503610.1,503610.1,2026-09-15 09:00:27
Detalle MINEM,ENERGIA Y MINAS,016. M. DE ENERGIA Y MINAS,005. MEM - DIRECCION GENERAL DE ELECTRIFICACION RURAL,PROYECTO,6. ADQUISICION DE ACTIVOS NO FINANCIEROS,2. RECURSOS DIRECTAMENTE RECAUDADOS,"2508279. AMPLIACION DEL SERVICIO DE ELECTRIFICACION RURAL MEDIANTE SISTEMA CONVENCIONAL, EN LOS CENTROS POBLADOS Y/O SECTORES UBICADOS EN LAS PROVINCIAS DE PICOTA Y BELLAVISTA DEL DEPARTAMENTO DE SAN MARTIN",0046. ACCESO Y USO DE LA ELECTRIFICACION RURAL,2859304.0,180283.44,180283.44,180283.44,180283.44,2026-09-15 09:00:27
Detalle MINEM,ENERGIA Y MINAS,016. M. DE ENERGIA Y MINAS,005. MEM - DIRECCION GENERAL DE ELECTRIFICACION RURAL,PROYECTO,6. ADQUISICION DE ACTIVOS NO FINANCIEROS,5. RECURSOS DETERMINADOS,2386676. AMPLIACION DEL SERVICIO DE ELECTRIFICACION RURAL EN LAS PROVINCIAS DE LEONCIO PRADO Y MARAÑON DEL DEPARTAMENTO DE HUANUCO Y LA PROVINCIA DE TOCACHE DEL DEPARTAMENTO DE SAN MARTIN,0046. ACCESO Y USO DE LA ELECTRIFICACION RURAL,2845417.0,2803417.0,2071282.89,2071282.89,2071282.89,2026-09-15 09:00:27
Detalle MINEM,ENERGIA Y MINAS,016. M. DE ENERGIA Y MINAS,005. MEM - DIRECCION GENERAL DE ELECTRIFICACION RURAL,PROYECTO,6. ADQUISICION DE ACTIVOS NO FINANCIEROS,2. RECURSOS DIRECTAMENTE RECAUDADOS,"2423619. CREACION DEL SERVICIO ELECTRICO RURAL EN LAS COMUNIDADES NATIVAS DE KUSU KUBAIM Y HUAMPAMI, DISTRITO DE EL CENEPA - PROVINCIA DE CONDORCANQUI - DEPARTAMENTO DE AMAZONAS",0046. ACCESO Y USO DE LA ELECTRIFICACION RURAL,2844920.0,1819814.49,1819814.49,1819814.49,1819814.49,2026-09-15 09:00:27
Detalle MINEM,ENERGIA Y MINAS,220. INSTITUTO PERUANO DE ENERGIA NUCLEAR,001. INSTITUTO PERUANO DE ENERGIA NUCLEAR,PROYECTO,6. ADQUISICION DE ACTIVOS NO FINANCIEROS,4. DONACIONES Y TRANSFERENCIAS,"2252487. MEJORAMIENTO DEL SERVICIO DE ENERGIA ELECTRICA EN EL CENTRO NUCLEAR RACSO, DISTRITO DE CARABAYLLO, PROVINCIA Y DEPARTAMENTO DE LIMA",9002. ASIGNACIONES PRESUPUESTARIAS QUE NO RESULTAN EN PRODUCTOS,2818955.0,616000.0,216000.0,216000.0,0.0,2026-09-15 09:00:27
Detalle MINEM,ENERGIA Y MINAS,221. INSTITUTO GEOLOGICO MINERO Y METALURGICO,001. INSTITUTO GEOLOGICO MINERO Y METALURGICO,ACTIVIDAD,1. PERSONAL Y OBLIGACIONES SOCIALES,1. RECURSOS ORDINARIOS,,0068. REDUCCION DE VULNERABILIDAD Y ATENCION DE EMERGENCIAS POR DESASTRES,2647207.0,2437123.33,2432879.12,1958334.6700000002,1774044.4299999997,2026-09-15 09:00:27
Detalle MINEM,ENERGIA Y MINAS,221. INSTITUTO GEOLOGICO MINERO Y METALURGICO,001. INSTITUTO GEOLOGICO MINERO Y METALURGICO,ACTIVIDAD,2. PENSIONES Y OTRAS PRESTACIONES SOCIALES,1. RECURSOS ORDINARIOS,,9002. ASIGNACIONES PRESUPUESTARIAS QUE NO RESULTAN EN PRODUCTOS,2589723.0,2589719.1899999995,2589719.1899999995,2589719.1900000004,2589719.1900000004,2026-09-15 09:00:27
Detalle MINEM,ENERGIA Y MINAS,016. M. DE ENERGIA Y MINAS,005. MEM - DIRECCION GENERAL DE ELECTRIFICACION RURAL,PROYECTO,6. ADQUISICION DE ACTIVOS NO FINANCIEROS,2. RECURSOS DIRECTAMENTE RECAUDADOS,2618496. AMPLIACION DEL SERVICIO DE SUMINISTRO ELECTRICO DOMICILIARIO EN ZONAS RURALES EN 18 UNIDADES PRODUCTORAS 18 DISTRITOS DE 3 PROVINCIAS DEL DEPARTAMENTO DE CAJAMARCA,0046. ACCESO Y USO DE LA ELECTRIFICACION RURAL,2521299.0,203712.47,203712.47,203712.47,203712.47,2026-09-15 09:00:27
Detalle MINEM,ENERGIA Y MINAS,016. M. DE ENERGIA Y MINAS,005. MEM - DIRECCION GENERAL DE ELECTRIFICACION RURAL,ACTIVIDAD,3. BIENES Y SERVICIOS,2. RECURSOS DIRECTAMENTE RECAUDADOS,,0046. ACCESO Y USO DE LA ELECTRIFICACION RURAL,2485038.0,2147675.94,2147675.94,2016742.0900000003,1604169.59,2026-09-15 09:00:27
Detalle MINEM,ENERGIA Y MINAS,016. M. DE ENERGIA Y MINAS,005. MEM - DIRECCION GENERAL DE ELECTRIFICACION RURAL,PROYECTO,6. ADQUISICION DE ACTIVOS NO FINANCIEROS,5. RECURSOS DETERMINADOS,"2599241. AMPLIACION DEL SERVICIO DE SUMINISTRO ELECTRICO DOMICILIARIO EN ZONAS URBANAS EN LA LOCALIDAD DE SAN GABAN, CON EL SUBSISTEMA DE DISTRIBUCION EN RED PRIMARIA EN 22.9 KV Y SECUNDARIA EN 0.38-0.22 KV. DEL DISTRITO DE SAN GABAN DE LA PROVINCIA DE CARABAYA DEL DEPARTAMENTO DE PUNO",0046. ACCESO Y USO DE LA ELECTRIFICACION RURAL,2391000.0,2324210.52,2259807.41,2259807.4099999997,2259807.41,2026-09-15 09:00:27
Detalle MINEM,ENERGIA Y MINAS,016. M. DE ENERGIA Y MINAS,005. MEM - DIRECCION GENERAL DE ELECTRIFICACION RURAL,PROYECTO,6. ADQUISICION DE ACTIVOS NO FINANCIEROS,2. RECURSOS DIRECTAMENTE RECAUDADOS,2392825. CREACION DE DEL SERVICIO DE ENERGIA ELECTRICA RURAL DE SANTAVANKORI - POYENI DEL DISTRITO DE RIO TAMBO - PROVINCIA DE SATIPO - DEPARTAMENTO DE JUNIN,0046. ACCESO Y USO DE LA ELECTRIFICACION RURAL,2330132.0,0.0,0.0,0.0,0.0,2026-09-15 09:00:27
Detalle MINEM,ENERGIA Y MINAS,016. M. DE ENERGIA Y MINAS,005. MEM - DIRECCION GENERAL DE ELECTRIFICACION RURAL,PROYECTO,6. ADQUISICION DE ACTIVOS NO FINANCIEROS,2. RECURSOS DIRECTAMENTE RECAUDADOS,2685141. CREACION DEL SERVICIO DE SUMINISTRO ELECTRICO DOMICILIARIO EN ZONAS RURALES EN 19 UNIDADES PRODUCTORAS 19 DISTRITOS DE 3 PROVINCIAS DEL DEPARTAMENTO DE MOQUEGUA,0046. ACCESO Y USO DE LA ELECTRIFICACION RURAL,2289842.0,2289841.0,0.0,0.0,0.0,2026-09-15 09:00:27
Detalle MINEM,ENERGIA Y MINAS,016. M. DE ENERGIA Y MINAS,001. MINISTERIO DE ENERGIA Y MINAS-CENTRAL,ACTIVIDAD,2. PENSIONES Y OTRAS PRESTACIONES SOCIALES,1. RECURSOS ORDINARIOS,,9002. ASIGNACIONES PRESUPUESTARIAS QUE NO RESULTAN EN PRODUCTOS,2262068.0,2142778.0,2135781.46,2129360.62,2129360.62,2026-09-15 09:00:27
Detalle MINEM,ENERGIA Y MINAS,016. M. DE ENERGIA Y MINAS,005. MEM - DIRECCION GENERAL DE ELECTRIFICACION RURAL,PROYECTO,6. ADQUISICION DE ACTIVOS NO FINANCIEROS,5. RECURSOS DETERMINADOS,"2423619. CREACION DEL SERVICIO ELECTRICO RURAL EN LAS COMUNIDADES NATIVAS DE KUSU KUBAIM Y HUAMPAMI, DISTRITO DE EL CENEPA - PROVINCIA DE CONDORCANQUI - DEPARTAMENTO DE AMAZONAS",0046. ACCESO Y USO DE LA ELECTRIFICACION RURAL,2220000.0,2164665.5,2092092.79,2092092.79,2092092.79,2026-09-15 09:00:27
Detalle MINEM,ENERGIA Y MINAS,016. M. DE ENERGIA Y MINAS,005. MEM - DIRECCION GENERAL DE ELECTRIFICACION RURAL,PROYECTO,6. ADQUISICION DE ACTIVOS NO FINANCIEROS,2. RECURSOS DIRECTAMENTE RECAUDADOS,"2510647. MEJORAMIENTO Y AMPLIACION DE LA RED PRIMARIA Y SECUNDARIA EN SISTEMA TRIFASICO 3Ø, PARA 7 LOCALIDADES DEL DISTRITO DE ILLIMO - PROVINCIA DE LAMBAYEQUE - DEPARTAMENTO DE LAMBAYEQUE",0046. ACCESO Y USO DE LA ELECTRIFICACION RURAL,2202491.0,2111475.0,0.0,0.0,0.0,2026-09-15 09:00:27
Detalle MINEM,ENERGIA Y MINAS,220. INSTITUTO PERUANO DE ENERGIA NUCLEAR,001. INSTITUTO PERUANO DE ENERGIA NUCLEAR,ACTIVIDAD,6. ADQUISICION DE ACTIVOS NO FINANCIEROS,1. RECURSOS ORDINARIOS,,9002. ASIGNACIONES PRESUPUESTARIAS QUE NO RESULTAN EN PRODUCTOS,2141924.0,2141918.4699999997,2141917.47,2141917.4699999997,1436494.47,2026-09-15 09:00:27
Detalle MINEM,ENERGIA Y MINAS,016. M. DE ENERGIA Y MINAS,005. MEM - DIRECCION GENERAL DE ELECTRIFICACION RURAL,PROYECTO,6. ADQUISICION DE ACTIVOS NO FINANCIEROS,2. RECURSOS DIRECTAMENTE RECAUDADOS,"2709428. CREACION DEL SERVICIO DE SUMINISTRO ELECTRICO DOMICILIARIO EN ZONAS RURALES EN 3 UNIDADES PRODUCTORAS 3 DISTRITOS DE LAS PROVINCIAS DE CORONEL PORTILLO, ATALAYA DEL DEPARTAMENTO DE UCAYALI",0046. ACCESO Y USO DE LA ELECTRIFICACION RURAL,2123785.0,1255651.0,0.0,0.0,0.0,2026-09-15 09:00:27
Detalle MINEM,ENERGIA Y MINAS,016. M. DE ENERGIA Y MINAS,005. MEM - DIRECCION GENERAL DE ELECTRIFICACION RURAL,PROYECTO,6. ADQUISICION DE ACTIVOS NO FINANCIEROS,5. RECURSOS DETERMINADOS,2661598. CREACION DEL SERVICIO DE SUMINISTRO ELECTRICO DOMICILIARIO EN ZONAS RURALES EN 23 UNIDADES PRODUCTORAS 23 DISTRITOS DE 4 PROVINCIAS DEL DEPARTAMENTO DE TACNA,0046. ACCESO Y USO DE LA ELECTRIFICACION RURAL,2000000.0,1994384.0,885445.2,885445.2,845445.2000000001,2026-09-15 09:00:27
Detalle MINEM,ENERGIA Y MINAS,016. M. DE ENERGIA Y MINAS,005. MEM - DIRECCION GENERAL DE ELECTRIFICACION RURAL,PROYECTO,6. ADQUISICION DE ACTIVOS NO FINANCIEROS,5. RECURSOS DETERMINADOS,"2620215. CREACION DEL SERVICIO DE SUMINISTRO ELECTRICO DOMICILIARIO EN ZONAS RURALES EN 8 UNIDADES PRODUCTORAS 8 DISTRITOS DE 4 PROVINCIAS DEL DEPARTAMENTO DE CUSCO, AREQUIPA",0046. ACCESO Y USO DE LA ELECTRIFICACION RURAL,2000000.0,1979295.21,0.0,0.0,0.0,2026-09-15 09:00:27
Detalle MINEM,ENERGIA Y MINAS,016. M. DE ENERGIA Y MINAS,005. MEM - DIRECCION GENERAL DE ELECTRIFICACION RURAL,PROYECTO,6. ADQUISICION DE ACTIVOS NO FINANCIEROS,5. RECURSOS DETERMINADOS,2665243. CREACION DEL SERVICIO DE SUMINISTRO ELECTRICO DOMICILIARIO EN ZONAS RURALES EN 11 UNIDADES PRODUCTORAS 11 DISTRITOS DE 3 PROVINCIAS DEL DEPARTAMENTO DE MADRE DE DIOS,0046. ACCESO Y USO DE LA ELECTRIFICACION RURAL,2000000.0,1991784.45,1932705.73,1932705.73,1932705.73,2026-09-15 09:00:27
Detalle MINEM,ENERGIA Y MINAS,016. M. DE ENERGIA Y MINAS,005. MEM - DIRECCION GENERAL DE ELECTRIFICACION RURAL,PROYECTO,6. ADQUISICION DE ACTIVOS NO FINANCIEROS,5. RECURSOS DETERMINADOS,2661596. CREACION DEL SERVICIO DE SUMINISTRO ELECTRICO DOMICILIARIO EN ZONAS RURALES EN 20 UNIDADES PRODUCTORAS 20 DISTRITOS DE 3 PROVINCIAS DEL DEPARTAMENTO DE JUNIN,0046. ACCESO Y USO DE LA ELECTRIFICACION RURAL,2000000.0,1981195.42,622278.02,622278.02,622278.02,2026-09-15 09:00:27
Detalle MINEM,ENERGIA Y MINAS,016. M. DE ENERGIA Y MINAS,005. MEM - DIRECCION GENERAL DE ELECTRIFICACION RURAL,PROYECTO,6. ADQUISICION DE ACTIVOS NO FINANCIEROS,2. RECURSOS DIRECTAMENTE RECAUDADOS,"2384757. AMPLIACION DE REDES DE DISTRIBUCION EN LAS PROVINCIAS DE CUTERVO Y JAEN, DEPARTAMENTO DE CAJAMARCA DISTRITO DE CUTERVO - PROVINCIA DE CUTERVO - DEPARTAMENTO DE CAJAMARCA",0046. ACCESO Y USO DE LA ELECTRIFICACION RURAL,1970574.0,1567940.6099999999,213029.9,213029.9,213029.9,2026-09-15 09:00:27
Detalle MINEM,ENERGIA Y MINAS,016. M. DE ENERGIA Y MINAS,001. MINISTERIO DE ENERGIA Y MINAS-CENTRAL,ACTIVIDAD,2. PENSIONES Y OTRAS PRESTACIONES SOCIALES,2. RECURSOS DIRECTAMENTE RECAUDADOS,,9001. ACCIONES CENTRALES,1965673.0,1646398.83,1294852.77,1294852.77,954418.9099999999,2026-09-15 09:00:27
Detalle MINEM,ENERGIA Y MINAS,016. M. DE ENERGIA Y MINAS,001. MINISTERIO DE ENERGIA Y MINAS-CENTRAL,ACTIVIDAD,4. DONACIONES Y TRANSFERENCIAS,2. RECURSOS DIRECTAMENTE RECAUDADOS,,9001. ACCIONES CENTRALES,1958642.0,1280506.0,1280505.94,1280505.94,1280505.94,2026-09-15 09:00:27
Detalle MINEM,ENERGIA Y MINAS,016. M. DE ENERGIA Y MINAS,005. MEM - DIRECCION GENERAL DE ELECTRIFICACION RURAL,PROYECTO,6. ADQUISICION DE ACTIVOS NO FINANCIEROS,5. RECURSOS DETERMINADOS,2497734. CREACION DEL SERVICIO DE ENERGIA ELECTRICA EN 15 LOCALIDADES DEL DISTRITO DE ORONCCOY - PROVINCIA DE LA MAR - DEPARTAMENTO DE AYACUCHO,0046. ACCESO Y USO DE LA ELECTRIFICACION RURAL,1923000.0,1886915.42,1834395.72,1834395.72,1834395.72,2026-09-15 09:00:27
Detalle MINEM,ENERGIA Y MINAS,016. M. DE ENERGIA Y MINAS,001. MINISTERIO DE ENERGIA Y MINAS-CENTRAL,PROYECTO,6. ADQUISICION DE ACTIVOS NO FINANCIEROS,2. RECURSOS DIRECTAMENTE RECAUDADOS,2001621. ESTUDIOS DE PRE-INVERSION,9002. ASIGNACIONES PRESUPUESTARIAS QUE NO RESULTAN EN PRODUCTOS,1844329.0,1844329.0,1844329.0,1844328.2,0.0,2026-09-15 09:00:27
Detalle MINEM,ENERGIA Y MINAS,016. M. DE ENERGIA Y MINAS,005. MEM - DIRECCION GENERAL DE ELECTRIFICACION RURAL,PROYECTO,6. ADQUISICION DE ACTIVOS NO FINANCIEROS,2. RECURSOS DIRECTAMENTE RECAUDADOS,2664210. CREACION DEL SERVICIO DE SUMINISTRO ELECTRICO DOMICILIARIO EN ZONAS RURALES EN SER SEPAHUA DISTRITO DE SEPAHUA DE LA PROVINCIA DE ATALAYA DEL DEPARTAMENTO DE UCAYALI,0046. ACCESO Y USO DE LA ELECTRIFICACION RURAL,1829734.0,1829727.0,0.0,0.0,0.0,2026-09-15 09:00:27
Detalle MINEM,ENERGIA Y MINAS,220. INSTITUTO PERUANO DE ENERGIA NUCLEAR,001. INSTITUTO PERUANO DE ENERGIA NUCLEAR,ACTIVIDAD,1. PERSONAL Y OBLIGACIONES SOCIALES,1. RECURSOS ORDINARIOS,,"0137. DESARROLLO DE LA CIENCIA, TECNOLOGIA E INNOVACION TECNOLOGICA",1811003.0,1811002.8,1808258.4000000001,1290679.9899999998,1290679.99,2026-09-15 09:00:27
Detalle MINEM,ENERGIA Y MINAS,220. INSTITUTO PERUANO DE ENERGIA NUCLEAR,001. INSTITUTO PERUANO DE ENERGIA NUCLEAR,ACTIVIDAD,6. ADQUISICION DE ACTIVOS NO FINANCIEROS,4. DONACIONES Y TRANSFERENCIAS,,9002. ASIGNACIONES PRESUPUESTARIAS QUE NO RESULTAN EN PRODUCTOS,1759943.0,0.0,0.0,0.0,0.0,2026-09-15 09:00:27
Detalle MINEM,ENERGIA Y MINAS,016. M. DE ENERGIA Y MINAS,005. MEM - DIRECCION GENERAL DE ELECTRIFICACION RURAL,PROYECTO,6. ADQUISICION DE ACTIVOS NO FINANCIEROS,5. RECURSOS DETERMINADOS,"2282746. INSTALACION DEL SISTEMA DE ELECTRIFICACION RURAL DE LA CUENCA DEL RIO NAPO Y CURARAY, DISTRITOS FRONTERIZOS DE NAPO Y TORRES CAUSANA, REGION LORETO",0046. ACCESO Y USO DE LA ELECTRIFICACION RURAL,1722651.0,1687272.02,1687272.0199999998,1687272.0199999998,1687272.0199999998,2026-09-15 09:00:27
Detalle MINEM,ENERGIA Y MINAS,016. M. DE ENERGIA Y MINAS,005. MEM - DIRECCION GENERAL DE ELECTRIFICACION RURAL,PROYECTO,6. ADQUISICION DE ACTIVOS NO FINANCIEROS,2. RECURSOS DIRECTAMENTE RECAUDADOS,2644178. AMPLIACION DE REDES DE DISTRIBUCION EN LA ZONA NORTE - DEPARTAMENTO DE PUNO,0046. ACCESO Y USO DE LA ELECTRIFICACION RURAL,1700034.0,481445.05000000005,481445.05,481445.05,481445.05,2026-09-15 09:00:27
Detalle MINEM,ENERGIA Y MINAS,016. M. DE ENERGIA Y MINAS,005. MEM - DIRECCION GENERAL DE ELECTRIFICACION RURAL,PROYECTO,6. ADQUISICION DE ACTIVOS NO FINANCIEROS,5. RECURSOS DETERMINADOS,2496646. MEJORAMIENTO Y AMPLIACION DEL SISTEMA DE ELECTRIFICACION RURAL DE LA REDES PRIMARIAS Y SECUNDARIAS EN ZONAS FUERA DEL AREA DE CONCESION EN 39 LOCALIDADES DEL DISTRITO DE AZANGARO - PROVINCIA DE AZANGARO - DEPARTAMENTO DE PUNO,0046. ACCESO Y USO DE LA ELECTRIFICACION RURAL,1680796.0,1680794.75,1680794.75,1680794.75,1680794.75,2026-09-15 09:00:27
Detalle MINEM,ENERGIA Y MINAS,016. M. DE ENERGIA Y MINAS,005. MEM - DIRECCION GENERAL DE ELECTRIFICACION RURAL,PROYECTO,6. ADQUISICION DE ACTIVOS NO FINANCIEROS,2. RECURSOS DIRECTAMENTE RECAUDADOS,2702481. CREACION DEL SERVICIO DE SUMINISTRO ELECTRICO DOMICILIARIO EN ZONAS RURALES EN 19 UNIDADES PRODUCTORAS 19 DISTRITOS DE 5 PROVINCIAS DEL DEPARTAMENTO DE ICA,0046. ACCESO Y USO DE LA ELECTRIFICACION RURAL,1677847.0,1677846.0,0.0,0.0,0.0,2026-09-15 09:00:27
Detalle MINEM,ENERGIA Y MINAS,016. M. DE ENERGIA Y MINAS,005. MEM - DIRECCION GENERAL DE ELECTRIFICACION RURAL,PROYECTO,6. ADQUISICION DE ACTIVOS NO FINANCIEROS,2. RECURSOS DIRECTAMENTE RECAUDADOS,"2335081. MEJORAMIENTO Y AMPLIACION DEL SERVICIO DE ELECTRICIDAD EN 07 LOCALIDADES RURALES DEL, DISTRITO DE HUAYLLAY - PASCO - PASCO",0046. ACCESO Y USO DE LA ELECTRIFICACION RURAL,1595372.0,1595371.0,0.0,0.0,0.0,2026-09-15 09:00:27
Detalle MINEM,ENERGIA Y MINAS,221. INSTITUTO GEOLOGICO MINERO Y METALURGICO,001. INSTITUTO GEOLOGICO MINERO Y METALURGICO,ACTIVIDAD,2. PENSIONES Y OTRAS PRESTACIONES SOCIALES,1. RECURSOS ORDINARIOS,,9001. ACCIONES CENTRALES,1573404.0,1483054.99,1473438.19,1472613.42,1472613.42,2026-09-15 09:00:27
Detalle MINEM,ENERGIA Y MINAS,016. M. DE ENERGIA Y MINAS,001. MINISTERIO DE ENERGIA Y MINAS-CENTRAL,ACTIVIDAD,6. ADQUISICION DE ACTIVOS NO FINANCIEROS,2. RECURSOS DIRECTAMENTE RECAUDADOS,,9001. ACCIONES CENTRALES,1556794.0,399889.0,399888.19,399888.19,397788.19,2026-09-15 09:00:27
Detalle MINEM,ENERGIA Y MINAS,016. M. DE ENERGIA Y MINAS,005. MEM - DIRECCION GENERAL DE ELECTRIFICACION RURAL,PROYECTO,6. ADQUISICION DE ACTIVOS NO FINANCIEROS,2. RECURSOS DIRECTAMENTE RECAUDADOS,2661598. CREACION DEL SERVICIO DE SUMINISTRO ELECTRICO DOMICILIARIO EN ZONAS RURALES EN 23 UNIDADES PRODUCTORAS 23 DISTRITOS DE 4 PROVINCIAS DEL DEPARTAMENTO DE TACNA,0046. ACCESO Y USO DE LA ELECTRIFICACION RURAL,1527268.0,10329.39,10329.07,10329.07,10329.07,2026-09-15 09:00:27
Detalle MINEM,ENERGIA Y MINAS,016. M. DE ENERGIA Y MINAS,005. MEM - DIRECCION GENERAL DE ELECTRIFICACION RURAL,PROYECTO,6. ADQUISICION DE ACTIVOS NO FINANCIEROS,2. RECURSOS DIRECTAMENTE RECAUDADOS,2132587. SISTEMA ELECTRICO RURAL TAYABAMBA-HUANCASPATA V ETAPA,0046. ACCESO Y USO DE LA ELECTRIFICACION RURAL,1514949.0,7665.0,7665.0,7665.0,0.0,2026-09-15 09:00:27
Detalle MINEM,ENERGIA Y MINAS,016. M. DE ENERGIA Y MINAS,005. MEM - DIRECCION GENERAL DE ELECTRIFICACION RURAL,PROYECTO,6. ADQUISICION DE ACTIVOS NO FINANCIEROS,2. RECURSOS DIRECTAMENTE RECAUDADOS,"2333310. AFIANZAMIENTO DEL SUMINISTRO DE ENERGIA ELECTRICA DEL DISTRITO DE MACUSANI, PROVINCIA DE CARABAYA, REGION PUNO",0046. ACCESO Y USO DE LA ELECTRIFICACION RURAL,1500418.0,632791.52,475527.0,475527.0,475527.0,2026-09-15 09:00:27
Detalle MINEM,ENERGIA Y MINAS,016. M. DE ENERGIA Y MINAS,005. MEM - DIRECCION GENERAL DE ELECTRIFICACION RURAL,PROYECTO,6. ADQUISICION DE ACTIVOS NO FINANCIEROS,5. RECURSOS DETERMINADOS,"2657153. CREACION DEL SERVICIO DE SUMINISTRO ELECTRICO DOMICILIARIO EN ZONAS RURALES EN 4 UNIDADES PRODUCTORAS 4 DISTRITOS DE LAS PROVINCIAS DE MARAÑON, HUACAYBAMBA DEL DEPARTAMENTO DE HUANUCO",0046. ACCESO Y USO DE LA ELECTRIFICACION RURAL,1500000.0,1500000.0,1500000.0,1500000.0,1500000.0,2026-09-15 09:00:27
Detalle MINEM,ENERGIA Y MINAS,016. M. DE ENERGIA Y MINAS,005. MEM - DIRECCION GENERAL DE ELECTRIFICACION RURAL,PROYECTO,6. ADQUISICION DE ACTIVOS NO FINANCIEROS,5. RECURSOS DETERMINADOS,2661515. CREACION DEL SERVICIO DE SUMINISTRO ELECTRICO DOMICILIARIO EN ZONAS RURALES EN 4 UNIDADES PRODUCTORAS 4 DISTRITOS DE LA PROVINCIA DE BOLIVAR DEL DEPARTAMENTO DE LA LIBERTAD,0046. ACCESO Y USO DE LA ELECTRIFICACION RURAL,1500000.0,1165455.12,410697.12,410697.12,366113.28,2026-09-15 09:00:27
Detalle MINEM,ENERGIA Y MINAS,016. M. DE ENERGIA Y MINAS,005. MEM - DIRECCION GENERAL DE ELECTRIFICACION RURAL,PROYECTO,6. ADQUISICION DE ACTIVOS NO FINANCIEROS,5. RECURSOS DETERMINADOS,"2301425. INSTALACION DEL SERVICIO ELECTRICO RURAL DE LAS LOCALIDADES DE LAS PROVINCIAS DE HUAYCABAMBA, HUAMALIES, HUANUCO, LEONCIO PRADO, PACHITEA, LAURICOCHA, DOS DE MAYO Y YAROWILCA DEL DEPARTAMENTO DE HUANUCO",0046. ACCESO Y USO DE LA ELECTRIFICACION RURAL,1500000.0,1497563.02,1408864.8,1408864.8,1408864.8,2026-09-15 09:00:27
Detalle MINEM,ENERGIA Y MINAS,016. M. DE ENERGIA Y MINAS,005. MEM - DIRECCION GENERAL DE ELECTRIFICACION RURAL,PROYECTO,6. ADQUISICION DE ACTIVOS NO FINANCIEROS,5. RECURSOS DETERMINADOS,"2508279. AMPLIACION DEL SERVICIO DE ELECTRIFICACION RURAL MEDIANTE SISTEMA CONVENCIONAL, EN LOS CENTROS POBLADOS Y/O SECTORES UBICADOS EN LAS PROVINCIAS DE PICOTA Y BELLAVISTA DEL DEPARTAMENTO DE SAN MARTIN",0046. ACCESO Y USO DE LA ELECTRIFICACION RURAL,1500000.0,1480282.65,1271822.47,1271822.47,1227822.47,2026-09-15 09:00:27
Detalle MINEM,ENERGIA Y MINAS,016. M. DE ENERGIA Y MINAS,005. MEM - DIRECCION GENERAL DE ELECTRIFICACION RURAL,PROYECTO,6. ADQUISICION DE ACTIVOS NO FINANCIEROS,5. RECURSOS DETERMINADOS,2616865. AMPLIACION DEL SERVICIO DE SUMINISTRO ELECTRICO DOMICILIARIO EN ZONAS RURALES EN 11 UNIDADES PRODUCTORAS 11 DISTRITOS DE LA PROVINCIA DE CELENDIN DEL DEPARTAMENTO DE CAJAMARCA,0046. ACCESO Y USO DE LA ELECTRIFICACION RURAL,1500000.0,1490000.0,1336201.8,1336201.7999999998,1061037.5999999999,2026-09-15 09:00:27
Detalle MINEM,ENERGIA Y MINAS,016. M. DE ENERGIA Y MINAS,001. MINISTERIO DE ENERGIA Y MINAS-CENTRAL,ACTIVIDAD,1. PERSONAL Y OBLIGACIONES SOCIALES,1. RECURSOS ORDINARIOS,,0126. FORMALIZACION MINERA DE LA PEQUEÑA MINERIA Y MINERIA ARTESANAL,1484132.0,1347504.0,1347504.0,955865.5,955865.5,2026-09-15 09:00:27
Detalle MINEM,ENERGIA Y MINAS,016. M. DE ENERGIA Y MINAS,005. MEM - DIRECCION GENERAL DE ELECTRIFICACION RURAL,PROYECTO,6. ADQUISICION DE ACTIVOS NO FINANCIEROS,2. RECURSOS DIRECTAMENTE RECAUDADOS,2705524. CREACION DEL SERVICIO DE SUMINISTRO ELECTRICO DOMICILIARIO EN ZONAS RURALES EN 26 UNIDADES PRODUCTORAS 26 DISTRITOS DE 4 PROVINCIAS DEL DEPARTAMENTO DE APURIMAC,0046. ACCESO Y USO DE LA ELECTRIFICACION RURAL,1457484.0,1457483.0,0.0,0.0,0.0,2026-09-15 09:00:27
Detalle MINEM,ENERGIA Y MINAS,016. M. DE ENERGIA Y MINAS,005. MEM - DIRECCION GENERAL DE ELECTRIFICACION RURAL,PROYECTO,6. ADQUISICION DE ACTIVOS NO FINANCIEROS,5. RECURSOS DETERMINADOS,2465634. CREACION E INSTALACION DE RED PRIMARIA EN 33KV Y REDES SECUNDARIAS EN 380/220V. PARA LA ELECTRIFICACION DE LOS ASENTAMIENTOS HUMANOS UBICADO EN LAS PAMPAS DE LA CLEMESI EN EL DISTRITO DE MOQUEGUA - PROVINCIA DE MARISCAL NIETO - DEPARTAMENTO DE MOQUEGUA,0046. ACCESO Y USO DE LA ELECTRIFICACION RURAL,1313920.0,1285499.96,1159259.06,1159259.06,1106130.11,2026-09-15 09:00:27
Detalle MINEM,ENERGIA Y MINAS,016. M. DE ENERGIA Y MINAS,005. MEM - DIRECCION GENERAL DE ELECTRIFICACION RURAL,PROYECTO,6. ADQUISICION DE ACTIVOS NO FINANCIEROS,5. RECURSOS DETERMINADOS,"2342886. AMPLIACION DE ELECTRIFICACION RURAL - III - ETAPA EN LAS LOCALIDADES DEL DISTRITO DE LAMPA, PROVINCIA DE LAMPA - PUNO",0046. ACCESO Y USO DE LA ELECTRIFICACION RURAL,1285091.0,1133851.0,953536.73,953536.73,953536.73,2026-09-15 09:00:27
Detalle MINEM,ENERGIA Y MINAS,016. M. DE ENERGIA Y MINAS,005. MEM - DIRECCION GENERAL DE ELECTRIFICACION RURAL,PROYECTO,6. ADQUISICION DE ACTIVOS NO FINANCIEROS,5. RECURSOS DETERMINADOS,2392825. CREACION DE DEL SERVICIO DE ENERGIA ELECTRICA RURAL DE SANTAVANKORI - POYENI DEL DISTRITO DE RIO TAMBO - PROVINCIA DE SATIPO - DEPARTAMENTO DE JUNIN,0046. ACCESO Y USO DE LA ELECTRIFICACION RURAL,1250000.0,1228418.39,429532.58999999997,429532.58999999997,429532.58999999997,2026-09-15 09:00:27
Detalle MINEM,ENERGIA Y MINAS,016. M. DE ENERGIA Y MINAS,005. MEM - DIRECCION GENERAL DE ELECTRIFICACION RURAL,PROYECTO,6. ADQUISICION DE ACTIVOS NO FINANCIEROS,2. RECURSOS DIRECTAMENTE RECAUDADOS,2526611. AMPLIACION DEL SERVICIO DE ELECTRIFICACION RURAL EN LOS SECTORES DE LOS CASERIOS DEL DISTRITO DE NAMBALLE - PROVINCIA DE SAN IGNACIO - DEPARTAMENTO DE CAJAMARCA,0046. ACCESO Y USO DE LA ELECTRIFICACION RURAL,1248361.0,7420.0,7420.0,7420.0,7420.0,2026-09-15 09:00:27
Detalle MINEM,ENERGIA Y MINAS,016. M. DE ENERGIA Y MINAS,005. MEM - DIRECCION GENERAL DE ELECTRIFICACION RURAL,PROYECTO,6. ADQUISICION DE ACTIVOS NO FINANCIEROS,2. RECURSOS DIRECTAMENTE RECAUDADOS,2700445. CREACION DEL SERVICIO DE SUMINISTRO ELECTRICO DOMICILIARIO EN ZONAS RURALES EN 13 UNIDADES PRODUCTORAS 13 DISTRITOS DE 3 PROVINCIAS DEL DEPARTAMENTO DE PUNO,0046. ACCESO Y USO DE LA ELECTRIFICACION RURAL,1230305.0,1230305.0,0.0,0.0,0.0,2026-09-15 09:00:27
Detalle MINEM,ENERGIA Y MINAS,016. M. DE ENERGIA Y MINAS,005. MEM - DIRECCION GENERAL DE ELECTRIFICACION RURAL,PROYECTO,6. ADQUISICION DE ACTIVOS NO FINANCIEROS,5. RECURSOS DETERMINADOS,2276033. ELECTRIFICACION DE OCHO (08) PROYECTOS DEL DEPARTAMENTO DE CUSCO - SECTOR 2,0046. ACCESO Y USO DE LA ELECTRIFICACION RURAL,1215000.0,1176856.51,1123539.57,1123539.57,1123539.57,2026-09-15 09:00:27
Detalle MINEM,ENERGIA Y MINAS,016. M. DE ENERGIA Y MINAS,005. MEM - DIRECCION GENERAL DE ELECTRIFICACION RURAL,PROYECTO,6. ADQUISICION DE ACTIVOS NO FINANCIEROS,5. RECURSOS DETERMINADOS,2545670. CREACION DEL SISTEMA DE ELECTRIFICACION RURAL EN EL CENTRO POBLADO DE PUTACCASA DEL DISTRITO DE SACSAMARCA - PROVINCIA DE HUANCA SANCOS - DEPARTAMENTO DE AYACUCHO,0046. ACCESO Y USO DE LA ELECTRIFICACION RURAL,1213000.0,1129095.6199999999,882414.7,882414.7000000001,882414.7,2026-09-15 09:00:27
Detalle MINEM,ENERGIA Y MINAS,016. M. DE ENERGIA Y MINAS,005. MEM - DIRECCION GENERAL DE ELECTRIFICACION RURAL,PROYECTO,6. ADQUISICION DE ACTIVOS NO FINANCIEROS,2. RECURSOS DIRECTAMENTE RECAUDADOS,2717007. CREACION DEL SERVICIO DE SUMINISTRO ELECTRICO DOMICILIARIO EN ZONAS RURALES EN 5 UNIDADES PRODUCTORAS 5 DISTRITOS DE LA PROVINCIA DE SANTA DEL DEPARTAMENTO DE ANCASH,0046. ACCESO Y USO DE LA ELECTRIFICACION RURAL,1195348.0,439108.0,0.0,0.0,0.0,2026-09-15 09:00:27
Detalle MINEM,ENERGIA Y MINAS,016. M. DE ENERGIA Y MINAS,005. MEM - DIRECCION GENERAL DE ELECTRIFICACION RURAL,PROYECTO,6. ADQUISICION DE ACTIVOS NO FINANCIEROS,5. RECURSOS DETERMINADOS,"2476294. AMPLIACION DE REDES ELECTRICAS DE RED PRIMARIA Y RED SECUNDARIA DE 17 LOCALIDADES, EN LOS DISTRITOS DE TAHUAMANU Y IÑAPARI PROVINCIA DE TAHUAMANU Y EN LOS DISTRITOS DE INAMBARI, TAMBOPATA Y LAS PIEDRAS DE LA PROVINCIA DE TAMBOPATA - DEPARTAMENTO DE MADRE DE DIOS",0046. ACCESO Y USO DE LA ELECTRIFICACION RURAL,1188423.0,1179727.0,32000.0,32000.0,32000.0,2026-09-15 09:00:27
Detalle MINEM,ENERGIA Y MINAS,016. M. DE ENERGIA Y MINAS,005. MEM - DIRECCION GENERAL DE ELECTRIFICACION RURAL,PROYECTO,6. ADQUISICION DE ACTIVOS NO FINANCIEROS,2. RECURSOS DIRECTAMENTE RECAUDADOS,2722751. CREACION DEL SERVICIO DE SUMINISTRO ELECTRICO DOMICILIARIO EN ZONAS RURALES EN SER SAN PABLO DISTRITO DE SAN PABLO DE LA PROVINCIA DE MARISCAL RAMON CASTILLA DEL DEPARTAMENTO DE LORETO,0046. ACCESO Y USO DE LA ELECTRIFICACION RURAL,1169461.0,496957.0,0.0,0.0,0.0,2026-09-15 09:00:27
Detalle MINEM,ENERGIA Y MINAS,016. M. DE ENERGIA Y MINAS,005. MEM - DIRECCION GENERAL DE ELECTRIFICACION RURAL,ACTIVIDAD,5. OTROS GASTOS,1. RECURSOS ORDINARIOS,,9002. ASIGNACIONES PRESUPUESTARIAS QUE NO RESULTAN EN PRODUCTOS,1097359.0,1043499.0,90371.0,90370.4,90370.4,2026-09-15 09:00:27
Detalle MINEM,ENERGIA Y MINAS,016. M. DE ENERGIA Y MINAS,005. MEM - DIRECCION GENERAL DE ELECTRIFICACION RURAL,PROYECTO,6. ADQUISICION DE ACTIVOS NO FINANCIEROS,5. RECURSOS DETERMINADOS,"2349548. CREACION MEJORAMIENTO Y AMPLIACION DEL SERVICIO DE ENERGIA ELECTRICA MEDIANTE SISTEMA CONVENCIONAL EN LAS LOCALIDADES DE PALENQUE GRANDE, HUANABAMBA, TULPAC, LLUMBUY, LA COLPA, PAMPA LA ARENA, PINDUC, VISTA ALEGRE, BELLAVISTA, COCHABAMBA, CHALLUACANCHA, CHUQUIBAMBA, DATA, ATUEN Y LA JOYA, 11 LOCALIDADES DEL DISTRITO DE CHUQUIBAMBA - PROVINCIA DE CHACHAPOYAS - DEPARTAMENTO DE AMAZONAS",0046. ACCESO Y USO DE LA ELECTRIFICACION RURAL,1070190.0,1039407.2799999999,934062.27,934062.27,934062.27,2026-09-15 09:00:27
Detalle MINEM,ENERGIA Y MINAS,016. M. DE ENERGIA Y MINAS,005. MEM - DIRECCION GENERAL DE ELECTRIFICACION RURAL,PROYECTO,6. ADQUISICION DE ACTIVOS NO FINANCIEROS,2. RECURSOS DIRECTAMENTE RECAUDADOS,2684260. AMPLIACION DEL SERVICIO DE SUMINISTRO ELECTRICO DOMICILIARIO EN ZONAS RURALES EN 3 UNIDADES PRODUCTORAS 3 DISTRITOS DE LA PROVINCIA DE LAMPA DEL DEPARTAMENTO DE PUNO,0046. ACCESO Y USO DE LA ELECTRIFICACION RURAL,1062767.0,1062767.0,0.0,0.0,0.0,2026-09-15 09:00:27
Detalle MINEM,ENERGIA Y MINAS,016. M. DE ENERGIA Y MINAS,005. MEM - DIRECCION GENERAL DE ELECTRIFICACION RURAL,PROYECTO,6. ADQUISICION DE ACTIVOS NO FINANCIEROS,5. RECURSOS DETERMINADOS,"2333310. AFIANZAMIENTO DEL SUMINISTRO DE ENERGIA ELECTRICA DEL DISTRITO DE MACUSANI, PROVINCIA DE CARABAYA, REGION PUNO",0046. ACCESO Y USO DE LA ELECTRIFICACION RURAL,1056800.0,1038152.27,1037328.2699999999,1037328.27,1037228.2600000001,2026-09-15 09:00:27
Detalle MINEM,ENERGIA Y MINAS,016. M. DE ENERGIA Y MINAS,001. MINISTERIO DE ENERGIA Y MINAS-CENTRAL,ACTIVIDAD,5. OTROS GASTOS,1. RECURSOS ORDINARIOS,,9001. ACCIONES CENTRALES,1020500.0,5500.0,5500.0,5500.0,5500.0,2026-09-15 09:00:27
Detalle MINEM,ENERGIA Y MINAS,016. M. DE ENERGIA Y MINAS,005. MEM - DIRECCION GENERAL DE ELECTRIFICACION RURAL,PROYECTO,6. ADQUISICION DE ACTIVOS NO FINANCIEROS,2. RECURSOS DIRECTAMENTE RECAUDADOS,2384752. AMPLIACION DE REDES DE DISTRIBUCION EN LA ZONA SUR - DISTRITO DE YUNGUYO - PROVINCIA DE YUNGUYO - DEPARTAMENTO DE PUNO,0046. ACCESO Y USO DE LA ELECTRIFICACION RURAL,1013292.0,0.0,0.0,0.0,0.0,2026-09-15 09:00:27
Detalle MINEM,ENERGIA Y MINAS,016. M. DE ENERGIA Y MINAS,005. MEM - DIRECCION GENERAL DE ELECTRIFICACION RURAL,PROYECTO,6. ADQUISICION DE ACTIVOS NO FINANCIEROS,2. RECURSOS DIRECTAMENTE RECAUDADOS,2677814. CREACION DEL SERVICIO DE SUMINISTRO ELECTRICO DOMICILIARIO EN ZONAS RURALES EN SER TRES FRONTERAS DISTRITO DE TENIENTE MANUEL CLAVERO DE LA PROVINCIA DE PUTUMAYO DEL DEPARTAMENTO DE LORETO,0046. ACCESO Y USO DE LA ELECTRIFICACION RURAL,1000153.0,581000.0,0.0,0.0,0.0,2026-09-15 09:00:27
Detalle MINEM,ENERGIA Y MINAS,016. M. DE ENERGIA Y MINAS,005. MEM - DIRECCION GENERAL DE ELECTRIFICACION RURAL,PROYECTO,6. ADQUISICION DE ACTIVOS NO FINANCIEROS,5. RECURSOS DETERMINADOS,2447881. MEJORAMIENTO DE SERVICIOS DE ENERGIA ELECTRICA EN EL SUBSISTEMA DE DISTRIBUCION PRIMARIA Y SECUNDARIA DEL DISTRITO DE PLATERIA - PROVINCIA DE PUNO - DEPARTAMENTO DE PUNO,0046. ACCESO Y USO DE LA ELECTRIFICACION RURAL,1000000.0,989999.0,0.0,0.0,0.0,2026-09-15 09:00:27
Detalle MINEM,ENERGIA Y MINAS,016. M. DE ENERGIA Y MINAS,005. MEM - DIRECCION GENERAL DE ELECTRIFICACION RURAL,PROYECTO,6. ADQUISICION DE ACTIVOS NO FINANCIEROS,2. RECURSOS DIRECTAMENTE RECAUDADOS,"2300330. CREACION DEL SISTEMA DE ELECTRIFICACION RURAL JAEN IV ETAPA, DEPARTAMENTO DE CAJAMARCA",0046. ACCESO Y USO DE LA ELECTRIFICACION RURAL,968012.0,152278.43,0.0,0.0,0.0,2026-09-15 09:00:27
Detalle MINEM,ENERGIA Y MINAS,016. M. DE ENERGIA Y MINAS,005. MEM - DIRECCION GENERAL DE ELECTRIFICACION RURAL,PROYECTO,6. ADQUISICION DE ACTIVOS NO FINANCIEROS,2. RECURSOS DIRECTAMENTE RECAUDADOS,"2279032. INSTALACION DEL SISTEMA DE ELECTRIFICACION RURAL DE LAS CUENCAS DE LOS RIOS MORONA, PASTAZA, CORRIENTES Y TIGRE, DSTRITOS FRONTERIZOS DE ANDOAS, MORONA, TIGRE Y TROMPETEROS, REGION LORETO",0046. ACCESO Y USO DE LA ELECTRIFICACION RURAL,965432.0,896118.3099999999,300232.65,300232.65,300232.65,2026-09-15 09:00:27
Detalle MINEM,ENERGIA Y MINAS,016. M. DE ENERGIA Y MINAS,005. MEM - DIRECCION GENERAL DE ELECTRIFICACION RURAL,PROYECTO,6. ADQUISICION DE ACTIVOS NO FINANCIEROS,2. RECURSOS DIRECTAMENTE RECAUDADOS,"2450600. CREACION DEL SERVICIO DE ENERGIA ELECTRICA MEDIANTE SISTEMA CONVENCIONAL EN LAS LOCALIDADES EL SIGLO, MIRAFLORES Y CRUZ DEL RIO DEL DISTRITO DE OLMOS - PROVINCIA DE LAMBAYEQUE - DEPARTAMENTO DE LAMBAYEQUE",0046. ACCESO Y USO DE LA ELECTRIFICACION RURAL,960458.0,0.0,0.0,0.0,0.0,2026-09-15 09:00:27
Detalle MINEM,ENERGIA Y MINAS,016. M. DE ENERGIA Y MINAS,005. MEM - DIRECCION GENERAL DE ELECTRIFICACION RURAL,PROYECTO,6. ADQUISICION DE ACTIVOS NO FINANCIEROS,5. RECURSOS DETERMINADOS,"2649141. AMPLIACION DEL SERVICIO DE SUMINISTRO ELECTRICO DOMICILIARIO EN ZONAS RURALES EN LAS 42 LOCALIDADES DE LA CUENCA BAJA DEL ENE, DISTRITO DE RIO TAMBO DE LA PROVINCIA DE SATIPO DEL DEPARTAMENTO DE JUNIN",0046. ACCESO Y USO DE LA ELECTRIFICACION RURAL,933335.0,913223.13,201126.13,201126.13,169126.13,2026-09-15 09:00:27
Detalle MINEM,ENERGIA Y MINAS,016. M. DE ENERGIA Y MINAS,005. MEM - DIRECCION GENERAL DE ELECTRIFICACION RURAL,PROYECTO,6. ADQUISICION DE ACTIVOS NO FINANCIEROS,2. RECURSOS DIRECTAMENTE RECAUDADOS,2536277. AMPLIACION DEL SISTEMA ELECTRICO RURAL EN EL DISTRITO DE JOSE DOMINGO CHOQUEHUANCA - PROVINCIA DE AZANGARO - DEPARTAMENTO DE PUNO,0046. ACCESO Y USO DE LA ELECTRIFICACION RURAL,884975.0,0.0,0.0,0.0,0.0,2026-09-15 09:00:27
Detalle MINEM,ENERGIA Y MINAS,016. M. DE ENERGIA Y MINAS,005. MEM - DIRECCION GENERAL DE ELECTRIFICACION RURAL,PROYECTO,6. ADQUISICION DE ACTIVOS NO FINANCIEROS,2. RECURSOS DIRECTAMENTE RECAUDADOS,"2301425. INSTALACION DEL SERVICIO ELECTRICO RURAL DE LAS LOCALIDADES DE LAS PROVINCIAS DE HUAYCABAMBA, HUAMALIES, HUANUCO, LEONCIO PRADO, PACHITEA, LAURICOCHA, DOS DE MAYO Y YAROWILCA DEL DEPARTAMENTO DE HUANUCO",0046. ACCESO Y USO DE LA ELECTRIFICACION RURAL,880365.0,414128.69000000006,414128.69000000006,414128.69000000006,263275.09,2026-09-15 09:00:27
Detalle MINEM,ENERGIA Y MINAS,016. M. DE ENERGIA Y MINAS,005. MEM - DIRECCION GENERAL DE ELECTRIFICACION RURAL,PROYECTO,6. ADQUISICION DE ACTIVOS NO FINANCIEROS,2. RECURSOS DIRECTAMENTE RECAUDADOS,2661596. CREACION DEL SERVICIO DE SUMINISTRO ELECTRICO DOMICILIARIO EN ZONAS RURALES EN 20 UNIDADES PRODUCTORAS 20 DISTRITOS DE 3 PROVINCIAS DEL DEPARTAMENTO DE JUNIN,0046. ACCESO Y USO DE LA ELECTRIFICACION RURAL,848200.0,117539.87,117539.87,117539.87,117539.87,2026-09-15 09:00:27
Detalle MINEM,ENERGIA Y MINAS,016. M. DE ENERGIA Y MINAS,005. MEM - DIRECCION GENERAL DE ELECTRIFICACION RURAL,PROYECTO,6. ADQUISICION DE ACTIVOS NO FINANCIEROS,2. RECURSOS DIRECTAMENTE RECAUDADOS,2517119. CREACION DEL SERVICIO DE ELECTRIFICACION DE LOCALIDADES RURALES IV ETAPA DEL DISTRITO DE PERENE - PROVINCIA DE CHANCHAMAYO - DEPARTAMENTO DE JUNIN,0046. ACCESO Y USO DE LA ELECTRIFICACION RURAL,843331.0,197913.33999999997,197913.34,197913.34,197913.34,2026-09-15 09:00:27
Detalle MINEM,ENERGIA Y MINAS,016. M. DE ENERGIA Y MINAS,005. MEM - DIRECCION GENERAL DE ELECTRIFICACION RURAL,PROYECTO,6. ADQUISICION DE ACTIVOS NO FINANCIEROS,5. RECURSOS DETERMINADOS,2132587. SISTEMA ELECTRICO RURAL TAYABAMBA-HUANCASPATA V ETAPA,0046. ACCESO Y USO DE LA ELECTRIFICACION RURAL,821821.0,711905.5,642341.44,642341.44,642341.44,2026-09-15 09:00:27
Detalle MINEM,ENERGIA Y MINAS,016. M. DE ENERGIA Y MINAS,005. MEM - DIRECCION GENERAL DE ELECTRIFICACION RURAL,PROYECTO,6. ADQUISICION DE ACTIVOS NO FINANCIEROS,5. RECURSOS DETERMINADOS,2472371. MEJORAMIENTO Y AMPLIACION DEL SERVICIO DE ENERGIA ELECTRICA EN 83 LOCALIDADES DEL DISTRITO DE PICHANAQUI - PROVINCIA DE CHANCHAMAYO - DEPARTAMENTO DE JUNIN,0046. ACCESO Y USO DE LA ELECTRIFICACION RURAL,800000.0,656720.11,467979.97000000003,467979.97000000003,435979.97000000003,2026-09-15 09:00:27
Detalle MINEM,ENERGIA Y MINAS,016. M. DE ENERGIA Y MINAS,005. MEM - DIRECCION GENERAL DE ELECTRIFICACION RURAL,PROYECTO,6. ADQUISICION DE ACTIVOS NO FINANCIEROS,2. RECURSOS DIRECTAMENTE RECAUDADOS,2722568. CREACION DEL SERVICIO DE SUMINISTRO ELECTRICO DOMICILIARIO EN ZONAS RURALES EN 12 UNIDADES PRODUCTORAS 12 DISTRITOS DE 3 PROVINCIAS DEL DEPARTAMENTO DE APURIMAC,0046. ACCESO Y USO DE LA ELECTRIFICACION RURAL,799852.0,799851.0,0.0,0.0,0.0,2026-09-15 09:00:27
Detalle MINEM,ENERGIA Y MINAS,016. M. DE ENERGIA Y MINAS,001. MINISTERIO DE ENERGIA Y MINAS-CENTRAL,ACTIVIDAD,1. PERSONAL Y OBLIGACIONES SOCIALES,1. RECURSOS ORDINARIOS,,0120. REMEDIACION DE PASIVOS AMBIENTALES MINEROS,793363.0,0.0,0.0,0.0,0.0,2026-09-15 09:00:27
Detalle MINEM,ENERGIA Y MINAS,016. M. DE ENERGIA Y MINAS,005. MEM - DIRECCION GENERAL DE ELECTRIFICACION RURAL,PROYECTO,6. ADQUISICION DE ACTIVOS NO FINANCIEROS,5. RECURSOS DETERMINADOS,2618496. AMPLIACION DEL SERVICIO DE SUMINISTRO ELECTRICO DOMICILIARIO EN ZONAS RURALES EN 18 UNIDADES PRODUCTORAS 18 DISTRITOS DE 3 PROVINCIAS DEL DEPARTAMENTO DE CAJAMARCA,0046. ACCESO Y USO DE LA ELECTRIFICACION RURAL,775557.0,683823.21,683823.21,683823.21,683823.21,2026-09-15 09:00:27
Detalle MINEM,ENERGIA Y MINAS,016. M. DE ENERGIA Y MINAS,005. MEM - DIRECCION GENERAL DE ELECTRIFICACION RURAL,PROYECTO,6. ADQUISICION DE ACTIVOS NO FINANCIEROS,2. RECURSOS DIRECTAMENTE RECAUDADOS,"2250942. INSTALACION DEL SISTEMA DE ELECTRIFICACION RURAL DE LAS LOCALIDADES DE HACIENDA PAMPA, TROJA, MOYOC, SAN FRANCISCO, SAN PEDRO, SANTA ISABEL, QUISCAPATA, HUARA QASA, PUNCUTUY DE LA COMUNIDAD DE TAMBOBAMBA DISTRITO DE HUANIPACA, PROVINCIA DE ABANCAY- APURIMAC",0046. ACCESO Y USO DE LA ELECTRIFICACION RURAL,738213.0,0.0,0.0,0.0,0.0,2026-09-15 09:00:27
Detalle MINEM,ENERGIA Y MINAS,016. M. DE ENERGIA Y MINAS,005. MEM - DIRECCION GENERAL DE ELECTRIFICACION RURAL,PROYECTO,6. ADQUISICION DE ACTIVOS NO FINANCIEROS,5. RECURSOS DETERMINADOS,2519329. MEJORAMIENTO Y AMPLIACION DEL SERVICIO DE ELECTRIFICACION RURAL DE LA LOCALIDAD DE CCOCHACCASA Y MILLPO DEL DISTRITO DE CCOCHACCASA - PROVINCIA DE ANGARAES - DEPARTAMENTO DE HUANCAVELICA,0046. ACCESO Y USO DE LA ELECTRIFICACION RURAL,738000.0,707801.63,706333.03,706333.03,706333.03,2026-09-15 09:00:27
Detalle MINEM,ENERGIA Y MINAS,016. M. DE ENERGIA Y MINAS,005. MEM - DIRECCION GENERAL DE ELECTRIFICACION RURAL,PROYECTO,6. ADQUISICION DE ACTIVOS NO FINANCIEROS,5. RECURSOS DETERMINADOS,2502841. MEJORAMIENTO Y AMPLIACION DEL SERVICIO DE ENERGIA ELECTRICA RURAL DE LAS LOCALIDADES DEL DISTRITO DE KIMBIRI - PROVINCIA DE LA CONVENCION - DEPARTAMENTO DE CUSCO,0046. ACCESO Y USO DE LA ELECTRIFICACION RURAL,726601.0,576264.94,557134.3,557134.3,557134.3,2026-09-15 09:00:27
Detalle MINEM,ENERGIA Y MINAS,016. M. DE ENERGIA Y MINAS,005. MEM - DIRECCION GENERAL DE ELECTRIFICACION RURAL,PROYECTO,6. ADQUISICION DE ACTIVOS NO FINANCIEROS,5. RECURSOS DETERMINADOS,"2446002. CREACION DEL SISTEMA DE ELECTRIFICACION RURAL EN LAS LOCALIDADES TAMBILLO, LANCHEMA, CHURUYACU, VIRGEN DEL CARMEN, MORERILLO ALTO, LAMPARAN, ATUMPAMPA BAJO, LAS AGUITAS, LA UNION Y PALO BLANCO, DISTRITO DE POMAHUACA - PROVINCIA DE JAEN - DEPARTAMENTO DE CAJAMARCA",0046. ACCESO Y USO DE LA ELECTRIFICACION RURAL,703317.0,0.0,0.0,0.0,0.0,2026-09-15 09:00:27
Detalle MINEM,ENERGIA Y MINAS,016. M. DE ENERGIA Y MINAS,005. MEM - DIRECCION GENERAL DE ELECTRIFICACION RURAL,PROYECTO,6. ADQUISICION DE ACTIVOS NO FINANCIEROS,2. RECURSOS DIRECTAMENTE RECAUDADOS,2688946. CREACION DEL SERVICIO DE SUMINISTRO ELECTRICO DOMICILIARIO EN ZONAS RURALES EN SER LLATA DISTRITO DE LLATA DE LA PROVINCIA DE HUAMALIES DEL DEPARTAMENTO DE HUANUCO,0046. ACCESO Y USO DE LA ELECTRIFICACION RURAL,699890.0,266225.0,0.0,0.0,0.0,2026-09-15 09:00:27
Detalle MINEM,ENERGIA Y MINAS,220. INSTITUTO PERUANO DE ENERGIA NUCLEAR,001. INSTITUTO PERUANO DE ENERGIA NUCLEAR,PROYECTO,6. ADQUISICION DE ACTIVOS NO FINANCIEROS,1. RECURSOS ORDINARIOS,"2614327. ADQUISICION DE SISTEMA DE VIDEOCONFERENCIA Y SISTEMA DE TECNOLOGIA, INFORMACION Y COMUNICACION; EN EL(LA) INSTITUTO PERUANO DE ENERGIA NUCLEAR DISTRITO DE SAN BORJA, PROVINCIA LIMA, DEPARTAMENTO LIMA",9002. ASIGNACIONES PRESUPUESTARIAS QUE NO RESULTAN EN PRODUCTOS,697783.0,697782.0599999999,697781.06,697781.06,697781.06,2026-09-15 09:00:27
Detalle MINEM,ENERGIA Y MINAS,016. M. DE ENERGIA Y MINAS,005. MEM - DIRECCION GENERAL DE ELECTRIFICACION RURAL,PROYECTO,6. ADQUISICION DE ACTIVOS NO FINANCIEROS,5. RECURSOS DETERMINADOS,"2333142. AMPLIACION DE REDES DE DISTRIBUCION DE LAS PROVINCIAS DE CAJAMARCA, CHOTA, HUALGAYOC, SAN MIGUEL Y SANTA CRUZ,DEPARTAMENTO DE CAJAMARCA",0046. ACCESO Y USO DE LA ELECTRIFICACION RURAL,681134.0,679132.05,335233.56,335233.56,209633.56,2026-09-15 09:00:27
Detalle MINEM,ENERGIA Y MINAS,221. INSTITUTO GEOLOGICO MINERO Y METALURGICO,001. INSTITUTO GEOLOGICO MINERO Y METALURGICO,ACTIVIDAD,3. BIENES Y SERVICIOS,1. RECURSOS ORDINARIOS,,"0137. DESARROLLO DE LA CIENCIA, TECNOLOGIA E INNOVACION TECNOLOGICA",680271.0,526904.5399999999,508771.06999999995,507302.56999999995,312964.7,2026-09-15 09:00:27
Detalle MINEM,ENERGIA Y MINAS,016. M. DE ENERGIA Y MINAS,005. MEM - DIRECCION GENERAL DE ELECTRIFICACION RURAL,PROYECTO,6. ADQUISICION DE ACTIVOS NO FINANCIEROS,2. RECURSOS DIRECTAMENTE RECAUDADOS,"2599241. AMPLIACION DEL SERVICIO DE SUMINISTRO ELECTRICO DOMICILIARIO EN ZONAS URBANAS EN LA LOCALIDAD DE SAN GABAN, CON EL SUBSISTEMA DE DISTRIBUCION EN RED PRIMARIA EN 22.9 KV Y SECUNDARIA EN 0.38-0.22 KV. DEL DISTRITO DE SAN GABAN DE LA PROVINCIA DE CARABAYA DEL DEPARTAMENTO DE PUNO",0046. ACCESO Y USO DE LA ELECTRIFICACION RURAL,634039.0,235628.19,235628.19,235628.19,235628.19,2026-09-15 09:00:27
Detalle MINEM,ENERGIA Y MINAS,220. INSTITUTO PERUANO DE ENERGIA NUCLEAR,001. INSTITUTO PERUANO DE ENERGIA NUCLEAR,ACTIVIDAD,2. PENSIONES Y OTRAS PRESTACIONES SOCIALES,1. RECURSOS ORDINARIOS,,9002. ASIGNACIONES PRESUPUESTARIAS QUE NO RESULTAN EN PRODUCTOS,607517.0,528702.08,528391.08,528391.08,528391.08,2026-09-15 09:00:27
Detalle MINEM,ENERGIA Y MINAS,221. INSTITUTO GEOLOGICO MINERO Y METALURGICO,001. INSTITUTO GEOLOGICO MINERO Y METALURGICO,ACTIVIDAD,3. BIENES Y SERVICIOS,4. DONACIONES Y TRANSFERENCIAS,,9002. ASIGNACIONES PRESUPUESTARIAS QUE NO RESULTAN EN PRODUCTOS,606208.0,273059.07999999996,243911.96,214131.96000000002,68358.92,2026-09-15 09:00:27
Detalle MINEM,ENERGIA Y MINAS,016. M. DE ENERGIA Y MINAS,005. MEM - DIRECCION GENERAL DE ELECTRIFICACION RURAL,PROYECTO,6. ADQUISICION DE ACTIVOS NO FINANCIEROS,5. RECURSOS DETERMINADOS,"2318165. INSTALACION DEL SERVICIO ELECTRICO RURAL DE LAS LOCALIDADES DEL SECTOR 1, DE LAS PROVINCIAS MELGAR, LAMPA, AZANGARO, SAN ANTONIO DE PUTINA Y CARABAYA, DEL DEPARTAMENTO DE PUNO",0046. ACCESO Y USO DE LA ELECTRIFICACION RURAL,600000.0,599309.9,390076.49,390076.49,390076.49,2026-09-15 09:00:27
Detalle MINEM,ENERGIA Y MINAS,016. M. DE ENERGIA Y MINAS,005. MEM - DIRECCION GENERAL DE ELECTRIFICACION RURAL,PROYECTO,6. ADQUISICION DE ACTIVOS NO FINANCIEROS,5. RECURSOS DETERMINADOS,"2202723. MEJORAMIENTO E INTEGRACION DEL SISTEMA ELECTRICO DE LAS COMUNIDADES DE SAN JOSE DE SARAMURO Y SARAMURILO, DISTRITO DE URARINAS - LORETO - LORETO",0046. ACCESO Y USO DE LA ELECTRIFICACION RURAL,599873.0,593746.1,530487.25,530487.25,530487.25,2026-09-15 09:00:27
Detalle MINEM,ENERGIA Y MINAS,220. INSTITUTO PERUANO DE ENERGIA NUCLEAR,001. INSTITUTO PERUANO DE ENERGIA NUCLEAR,ACTIVIDAD,5. OTROS GASTOS,1. RECURSOS ORDINARIOS,,9001. ACCIONES CENTRALES,596917.0,596916.6,596916.6,68826.78000000001,68826.78000000001,2026-09-15 09:00:27
Detalle MINEM,ENERGIA Y MINAS,016. M. DE ENERGIA Y MINAS,001. MINISTERIO DE ENERGIA Y MINAS-CENTRAL,ACTIVIDAD,6. ADQUISICION DE ACTIVOS NO FINANCIEROS,2. RECURSOS DIRECTAMENTE RECAUDADOS,,9002. ASIGNACIONES PRESUPUESTARIAS QUE NO RESULTAN EN PRODUCTOS,584151.0,218151.0,207649.48,207649.48,207649.48,2026-09-15 09:00:27
Detalle MINEM,ENERGIA Y MINAS,221. INSTITUTO GEOLOGICO MINERO Y METALURGICO,001. INSTITUTO GEOLOGICO MINERO Y METALURGICO,ACTIVIDAD,1. PERSONAL Y OBLIGACIONES SOCIALES,1. RECURSOS ORDINARIOS,,"0137. DESARROLLO DE LA CIENCIA, TECNOLOGIA E INNOVACION TECNOLOGICA",581699.0,581275.0,580095.24,468880.38,425450.18,2026-09-15 09:00:27
Detalle MINEM,ENERGIA Y MINAS,016. M. DE ENERGIA Y MINAS,005. MEM - DIRECCION GENERAL DE ELECTRIFICACION RURAL,PROYECTO,6. ADQUISICION DE ACTIVOS NO FINANCIEROS,2. RECURSOS DIRECTAMENTE RECAUDADOS,"2517478. AMPLIACION Y MEJORAMIENTO DE LAS REDES ELECTRICAS EN LAS LOCALIDADES DE BALSAS, SHACSHE, EL COCO, CHACANTO, TUEN, LLUSHCA Y QUEBRADA HONDA DEL DISTRITO DE BALSAS - PROVINCIA DE CHACHAPOYAS - DEPARTAMENTO DE AMAZONAS",0046. ACCESO Y USO DE LA ELECTRIFICACION RURAL,577645.0,0.0,0.0,0.0,0.0,2026-09-15 09:00:27
Detalle MINEM,ENERGIA Y MINAS,016. M. DE ENERGIA Y MINAS,005. MEM - DIRECCION GENERAL DE ELECTRIFICACION RURAL,PROYECTO,6. ADQUISICION DE ACTIVOS NO FINANCIEROS,2. RECURSOS DIRECTAMENTE RECAUDADOS,"2661549. CREACION DEL SERVICIO DE SUMINISTRO ELECTRICO DOMICILIARIO EN ZONAS RURALES EN SER DAMASO BERAUN, CHAGLLA DISTRITOS DE MARIANO DAMASO BERAUN, CHAGLLA DE LAS PROVINCIAS DE LEONCIO PRADO, PACHITEA DEL DEPARTAMENTO DE HUANUCO",0046. ACCESO Y USO DE LA ELECTRIFICACION RURAL,574570.0,237467.0,0.0,0.0,0.0,2026-09-15 09:00:27
Detalle MINEM,ENERGIA Y MINAS,016. M. DE ENERGIA Y MINAS,001. MINISTERIO DE ENERGIA Y MINAS-CENTRAL,ACTIVIDAD,3. BIENES Y SERVICIOS,2. RECURSOS DIRECTAMENTE RECAUDADOS,,0120. REMEDIACION DE PASIVOS AMBIENTALES MINEROS,550670.0,382166.0,364377.1,364377.1,306543.76,2026-09-15 09:00:27
Detalle MINEM,ENERGIA Y MINAS,016. M. DE ENERGIA Y MINAS,005. MEM - DIRECCION GENERAL DE ELECTRIFICACION RURAL,PROYECTO,6. ADQUISICION DE ACTIVOS NO FINANCIEROS,5. RECURSOS DETERMINADOS,2377705. AMPLIACION DE REDES DE DISTRIBUCION EN EL DEPARTAMENTO DE APURIMAC,0046. ACCESO Y USO DE LA ELECTRIFICACION RURAL,550000.0,496449.54000000004,348898.39999999997,348898.39999999997,294487.4,2026-09-15 09:00:27
Detalle MINEM,ENERGIA Y MINAS,016. M. DE ENERGIA Y MINAS,005. MEM - DIRECCION GENERAL DE ELECTRIFICACION RURAL,PROYECTO,6. ADQUISICION DE ACTIVOS NO FINANCIEROS,5. RECURSOS DETERMINADOS,"2311360. INSTALACION DEL SERVICIO ELECTRICO RURAL DE LAS LOCALIDADES DE LAS PROV. DE LA MAR, HUAMANGA, CANGALLO, HUANCASANCOS, VICTOR FAJARDO, VILCASHUAMAN, LUCANAS, Y PARINACOCHAS, DEL DPTO. DE AYACUCHO Y DE LA PROV. DE ANGARAES, DEL DPTO. DE HUANCAVELICA",0046. ACCESO Y USO DE LA ELECTRIFICACION RURAL,547273.0,491726.2,84726.20000000001,84726.20000000001,72726.2,2026-09-15 09:00:27
Detalle MINEM,ENERGIA Y MINAS,220. INSTITUTO PERUANO DE ENERGIA NUCLEAR,001. INSTITUTO PERUANO DE ENERGIA NUCLEAR,PROYECTO,6. ADQUISICION DE ACTIVOS NO FINANCIEROS,1. RECURSOS ORDINARIOS,"2702575. ADQUISICION DE EQUIPO DE LABORATORIO; REMODELACION DE LABORATORIO; EN EL(LA) PLANTA DE PRODUCCCION DE RADIOISOTOPOS DEL INSTITUTO PERUANO DE ENERGIA NUCLEAR (PARA EL DESARROLLO DEL RADIOFARMACO LUTECIO-177); DISTRITO DE CARABAYLLO, PROVINCIA LIMA, DEPARTAMENTO LIMA",9002. ASIGNACIONES PRESUPUESTARIAS QUE NO RESULTAN EN PRODUCTOS,543900.0,543900.0,543900.0,543900.0,43900.0,2026-09-15 09:00:27
Detalle MINEM,ENERGIA Y MINAS,016. M. DE ENERGIA Y MINAS,005. MEM - DIRECCION GENERAL DE ELECTRIFICACION RURAL,PROYECTO,6. ADQUISICION DE ACTIVOS NO FINANCIEROS,5. RECURSOS DETERMINADOS,2305092. INSTALACION Y AMPLIACION DEL SISTEMA ELECTRICO RURAL SAN MIGUEL FASE II-CAJAMARCA,0046. ACCESO Y USO DE LA ELECTRIFICACION RURAL,500000.0,499453.22,263453.22,263453.22,263453.22,2026-09-15 09:00:27
Detalle MINEM,ENERGIA Y MINAS,016. M. DE ENERGIA Y MINAS,005. MEM - DIRECCION GENERAL DE ELECTRIFICACION RURAL,PROYECTO,6. ADQUISICION DE ACTIVOS NO FINANCIEROS,5. RECURSOS DETERMINADOS,"2517478. AMPLIACION Y MEJORAMIENTO DE LAS REDES ELECTRICAS EN LAS LOCALIDADES DE BALSAS, SHACSHE, EL COCO, CHACANTO, TUEN, LLUSHCA Y QUEBRADA HONDA DEL DISTRITO DE BALSAS - PROVINCIA DE CHACHAPOYAS - DEPARTAMENTO DE AMAZONAS",0046. ACCESO Y USO DE LA ELECTRIFICACION RURAL,500000.0,480000.0,0.0,0.0,0.0,2026-09-15 09:00:27
Detalle MINEM,ENERGIA Y MINAS,016. M. DE ENERGIA Y MINAS,005. MEM - DIRECCION GENERAL DE ELECTRIFICACION RURAL,PROYECTO,6. ADQUISICION DE ACTIVOS NO FINANCIEROS,5. RECURSOS DETERMINADOS,2536277. AMPLIACION DEL SISTEMA ELECTRICO RURAL EN EL DISTRITO DE JOSE DOMINGO CHOQUEHUANCA - PROVINCIA DE AZANGARO - DEPARTAMENTO DE PUNO,0046. ACCESO Y USO DE LA ELECTRIFICACION RURAL,500000.0,460035.0,279103.78,279103.78,279103.78,2026-09-15 09:00:27
Detalle MINEM,ENERGIA Y MINAS,016. M. DE ENERGIA Y MINAS,005. MEM - DIRECCION GENERAL DE ELECTRIFICACION RURAL,PROYECTO,6. ADQUISICION DE ACTIVOS NO FINANCIEROS,5. RECURSOS DETERMINADOS,"2288891. INSTALACION DEL SERVICIO DE ENERGIA ELECTRICA RURAL MEDIANTE REDES CONVENCIONALES EN 10 LOCALIDADES DE LOS DISTRITO DE LAS PIEDRAS, TAMBOPATA Y LABERINTO, PROVINCIA DE TAMBOPATA, REGION MADRE DE DIOS",0046. ACCESO Y USO DE LA ELECTRIFICACION RURAL,500000.0,112428.0,112427.93,112427.93,112427.93,2026-09-15 09:00:27
Detalle MINEM,ENERGIA Y MINAS,016. M. DE ENERGIA Y MINAS,005. MEM - DIRECCION GENERAL DE ELECTRIFICACION RURAL,PROYECTO,6. ADQUISICION DE ACTIVOS NO FINANCIEROS,5. RECURSOS DETERMINADOS,"2450600. CREACION DEL SERVICIO DE ENERGIA ELECTRICA MEDIANTE SISTEMA CONVENCIONAL EN LAS LOCALIDADES EL SIGLO, MIRAFLORES Y CRUZ DEL RIO DEL DISTRITO DE OLMOS - PROVINCIA DE LAMBAYEQUE - DEPARTAMENTO DE LAMBAYEQUE",0046. ACCESO Y USO DE LA ELECTRIFICACION RURAL,500000.0,500000.0,0.0,0.0,0.0,2026-09-15 09:00:27
Detalle MINEM,ENERGIA Y MINAS,016. M. DE ENERGIA Y MINAS,005. MEM - DIRECCION GENERAL DE ELECTRIFICACION RURAL,PROYECTO,6. ADQUISICION DE ACTIVOS NO FINANCIEROS,5. RECURSOS DETERMINADOS,"2250942. INSTALACION DEL SISTEMA DE ELECTRIFICACION RURAL DE LAS LOCALIDADES DE HACIENDA PAMPA, TROJA, MOYOC, SAN FRANCISCO, SAN PEDRO, SANTA ISABEL, QUISCAPATA, HUARA QASA, PUNCUTUY DE LA COMUNIDAD DE TAMBOBAMBA DISTRITO DE HUANIPACA, PROVINCIA DE ABANCAY- APURIMAC",0046. ACCESO Y USO DE LA ELECTRIFICACION RURAL,500000.0,500000.0,0.0,0.0,0.0,2026-09-15 09:00:27
Detalle MINEM,ENERGIA Y MINAS,016. M. DE ENERGIA Y MINAS,005. MEM - DIRECCION GENERAL DE ELECTRIFICACION RURAL,PROYECTO,6. ADQUISICION DE ACTIVOS NO FINANCIEROS,5. RECURSOS DETERMINADOS,"2286033. INSTALACION DE LINEAS PRIMARIAS, REDES PRIMARIAS, REDES SECUNDARIAS Y CONEXIONES DOMICILIARIAS DEL S.E.R. 25 CASERIOS DE OLMOS, DISTRITO DE OLMOS - LAMBAYEQUE - LAMBAYEQUE",0046. ACCESO Y USO DE LA ELECTRIFICACION RURAL,500000.0,496856.42,325065.32,325065.32,290398.38,2026-09-15 09:00:27
Detalle MINEM,ENERGIA Y MINAS,016. M. DE ENERGIA Y MINAS,005. MEM - DIRECCION GENERAL DE ELECTRIFICACION RURAL,PROYECTO,6. ADQUISICION DE ACTIVOS NO FINANCIEROS,5. RECURSOS DETERMINADOS,"2330298. CREACION DE REDES PRIMARIAS 13.2 KV BIFASICAS, SECUNDARIAS 440/220 V, ALUMBRADO PUBLICO, CONEXIONES DOMICILIARIAS Y CARGAS ESPECIALES PARA LOS CASERIOS JOSE OLAYA, BUENOS AIRES Y SANTA TERESITA, DISTRITO DE MACHE - OTUZCO - LA LIBERTAD",0046. ACCESO Y USO DE LA ELECTRIFICACION RURAL,500000.0,470000.0,0.0,0.0,0.0,2026-09-15 09:00:27
Detalle MINEM,ENERGIA Y MINAS,016. M. DE ENERGIA Y MINAS,005. MEM - DIRECCION GENERAL DE ELECTRIFICACION RURAL,PROYECTO,6. ADQUISICION DE ACTIVOS NO FINANCIEROS,5. RECURSOS DETERMINADOS,"2472481. MEJORAMIENTO Y AMPLIACION DEL SISTEMA DE GENERACION ELECTRICA, REDES PRIMARIAS Y REDES SECUNDARIAS EN LA LOCALIDAD DE ANGAMOS DEL DISTRITO DE YAQUERANA - PROVINCIA DE REQUENA - DEPARTAMENTO DE LORETO",0046. ACCESO Y USO DE LA ELECTRIFICACION RURAL,500000.0,500000.0,0.0,0.0,0.0,2026-09-15 09:00:27
Detalle MINEM,ENERGIA Y MINAS,016. M. DE ENERGIA Y MINAS,005. MEM - DIRECCION GENERAL DE ELECTRIFICACION RURAL,PROYECTO,6. ADQUISICION DE ACTIVOS NO FINANCIEROS,5. RECURSOS DETERMINADOS,"2250823. ELECTRIFICACION DE LA ISLA AMANTANI, UBICADA EN EL DEPARTAMENTO DE PUNO",0046. ACCESO Y USO DE LA ELECTRIFICACION RURAL,489705.0,489705.0,0.0,0.0,0.0,2026-09-15 09:00:27
Detalle MINEM,ENERGIA Y MINAS,220. INSTITUTO PERUANO DE ENERGIA NUCLEAR,001. INSTITUTO PERUANO DE ENERGIA NUCLEAR,ACTIVIDAD,4. DONACIONES Y TRANSFERENCIAS,1. RECURSOS ORDINARIOS,,9001. ACCIONES CENTRALES,486914.0,479749.0,479749.0,479749.0,479749.0,2026-09-15 09:00:27
Detalle MINEM,ENERGIA Y MINAS,220. INSTITUTO PERUANO DE ENERGIA NUCLEAR,001. INSTITUTO PERUANO DE ENERGIA NUCLEAR,ACTIVIDAD,5. OTROS GASTOS,1. RECURSOS ORDINARIOS,,"0137. DESARROLLO DE LA CIENCIA, TECNOLOGIA E INNOVACION TECNOLOGICA",481734.0,481734.0,481734.0,4000.0,4000.0,2026-09-15 09:00:27
Detalle MINEM,ENERGIA Y MINAS,016. M. DE ENERGIA Y MINAS,005. MEM - DIRECCION GENERAL DE ELECTRIFICACION RURAL,PROYECTO,6. ADQUISICION DE ACTIVOS NO FINANCIEROS,2. RECURSOS DIRECTAMENTE RECAUDADOS,"2342886. AMPLIACION DE ELECTRIFICACION RURAL - III - ETAPA EN LAS LOCALIDADES DEL DISTRITO DE LAMPA, PROVINCIA DE LAMPA - PUNO",0046. ACCESO Y USO DE LA ELECTRIFICACION RURAL,463408.0,107696.89,107696.89,107696.89,107696.89,2026-09-15 09:00:27
Detalle MINEM,ENERGIA Y MINAS,016. M. DE ENERGIA Y MINAS,005. MEM - DIRECCION GENERAL DE ELECTRIFICACION RURAL,PROYECTO,6. ADQUISICION DE ACTIVOS NO FINANCIEROS,2. RECURSOS DIRECTAMENTE RECAUDADOS,"2620215. CREACION DEL SERVICIO DE SUMINISTRO ELECTRICO DOMICILIARIO EN ZONAS RURALES EN 8 UNIDADES PRODUCTORAS 8 DISTRITOS DE 4 PROVINCIAS DEL DEPARTAMENTO DE CUSCO, AREQUIPA",0046. ACCESO Y USO DE LA ELECTRIFICACION RURAL,456121.0,0.0,0.0,0.0,0.0,2026-09-15 09:00:27
Detalle MINEM,ENERGIA Y MINAS,016. M. DE ENERGIA Y MINAS,005. MEM - DIRECCION GENERAL DE ELECTRIFICACION RURAL,PROYECTO,6. ADQUISICION DE ACTIVOS NO FINANCIEROS,2. RECURSOS DIRECTAMENTE RECAUDADOS,"2711622. CREACION DEL SERVICIO DE SUMINISTRO ELECTRICO DOMICILIARIO EN ZONAS RURALES EN SER SUYO, JILILI DISTRITOS DE SUYO, JILILI DE LA PROVINCIA DE AYABACA DEL DEPARTAMENTO DE PIURA",0046. ACCESO Y USO DE LA ELECTRIFICACION RURAL,455379.0,224881.0,0.0,0.0,0.0,2026-09-15 09:00:27
Detalle MINEM,ENERGIA Y MINAS,016. M. DE ENERGIA Y MINAS,005. MEM - DIRECCION GENERAL DE ELECTRIFICACION RURAL,PROYECTO,6. ADQUISICION DE ACTIVOS NO FINANCIEROS,2. RECURSOS DIRECTAMENTE RECAUDADOS,2664398. MEJORAMIENTO Y AMPLIACION DEL SERVICIO DE SUMINISTRO ELECTRICO DOMICILIARIO EN ZONAS RURALES EN 4 UNIDADES PRODUCTORAS 4 DISTRITOS DE LA PROVINCIA DE SAN PABLO - DEPARTAMENTO DE CAJAMARCA,0046. ACCESO Y USO DE LA ELECTRIFICACION RURAL,450393.0,219895.0,0.0,0.0,0.0,2026-09-15 09:00:27
Detalle MINEM,ENERGIA Y MINAS,016. M. DE ENERGIA Y MINAS,005. MEM - DIRECCION GENERAL DE ELECTRIFICACION RURAL,PROYECTO,6. ADQUISICION DE ACTIVOS NO FINANCIEROS,2. RECURSOS DIRECTAMENTE RECAUDADOS,2276033. ELECTRIFICACION DE OCHO (08) PROYECTOS DEL DEPARTAMENTO DE CUSCO - SECTOR 2,0046. ACCESO Y USO DE LA ELECTRIFICACION RURAL,437514.0,328120.0,328120.0,328120.0,328120.0,2026-09-15 09:00:27
Detalle MINEM,ENERGIA Y MINAS,016. M. DE ENERGIA Y MINAS,005. MEM - DIRECCION GENERAL DE ELECTRIFICACION RURAL,PROYECTO,6. ADQUISICION DE ACTIVOS NO FINANCIEROS,2. RECURSOS DIRECTAMENTE RECAUDADOS,2356092. MEJORAMIENTO DEL SERVICIO ELECTRICO MEDIANTE CENTRAL SOLAR - EOLICA EN LA LOCALIDAD DE MASISEA - DISTRITO DE MASISEA - PROVINCIA DE CORONEL PORTILLO - DEPARTAMENTO DE UCAYALI,0046. ACCESO Y USO DE LA ELECTRIFICACION RURAL,434553.0,69524.11,69524.11,69524.11,69524.11,2026-09-15 09:00:27
Detalle MINEM,ENERGIA Y MINAS,016. M. DE ENERGIA Y MINAS,005. MEM - DIRECCION GENERAL DE ELECTRIFICACION RURAL,PROYECTO,6. ADQUISICION DE ACTIVOS NO FINANCIEROS,2. RECURSOS DIRECTAMENTE RECAUDADOS,"2591173. CREACION DEL SERVICIO DE SUMINISTRO ELECTRICO DOMICILIARIO EN ZONAS RURALES EN LOS SECTORES MIRAFLORES, BONDA, GRAMALOTE, SANTA DIONISIA, PLAZUELITA, SISIHUAYCO, CEDROPAMPA DISTRITO DE LEIMEBAMBA DE LA PROVINCIA DE CHACHAPOYAS DEL DEPARTAMENTO DE AMAZONAS",0046. ACCESO Y USO DE LA ELECTRIFICACION RURAL,433488.0,415688.0,0.0,0.0,0.0,2026-09-15 09:00:27
Detalle MINEM,ENERGIA Y MINAS,016. M. DE ENERGIA Y MINAS,005. MEM - DIRECCION GENERAL DE ELECTRIFICACION RURAL,PROYECTO,6. ADQUISICION DE ACTIVOS NO FINANCIEROS,2. RECURSOS DIRECTAMENTE RECAUDADOS,2684923. MEJORAMIENTO Y AMPLIACION DEL SERVICIO DE SUMINISTRO ELECTRICO DOMICILIARIO EN ZONAS RURALES EN 3 UNIDADES PRODUCTORAS 3 DISTRITOS DE LA PROVINCIA DE PADRE ABAD DEL DEPARTAMENTO DE UCAYALI,0046. ACCESO Y USO DE LA ELECTRIFICACION RURAL,433370.0,433370.0,0.0,0.0,0.0,2026-09-15 09:00:27
Detalle MINEM,ENERGIA Y MINAS,016. M. DE ENERGIA Y MINAS,005. MEM - DIRECCION GENERAL DE ELECTRIFICACION RURAL,ACTIVIDAD,1. PERSONAL Y OBLIGACIONES SOCIALES,1. RECURSOS ORDINARIOS,,9002. ASIGNACIONES PRESUPUESTARIAS QUE NO RESULTAN EN PRODUCTOS,426140.0,426140.0,426140.0,420890.0,420890.0,2026-09-15 09:00:27
Detalle MINEM,ENERGIA Y MINAS,016. M. DE ENERGIA Y MINAS,005. MEM - DIRECCION GENERAL DE ELECTRIFICACION RURAL,PROYECTO,6. ADQUISICION DE ACTIVOS NO FINANCIEROS,2. RECURSOS DIRECTAMENTE RECAUDADOS,"2148309. MEJORAMIENTO Y AMPLIACION DEL SISTEMA ELECTRICO DEL CENTRO POBLADO DE JIVIA E INSTALACION DE SISTEMA ELECTRICO RURAL PARA 7 LOCALIDADES DEL DISTRITO DE JIVIA, PROVINCIA DE LAURICOCHA - HUANUCO",0046. ACCESO Y USO DE LA ELECTRIFICACION RURAL,408149.0,0.0,0.0,0.0,0.0,2026-09-15 09:00:27
Detalle MINEM,ENERGIA Y MINAS,016. M. DE ENERGIA Y MINAS,005. MEM - DIRECCION GENERAL DE ELECTRIFICACION RURAL,PROYECTO,6. ADQUISICION DE ACTIVOS NO FINANCIEROS,2. RECURSOS DIRECTAMENTE RECAUDADOS,"2661593. CREACION DEL SERVICIO DE SUMINISTRO ELECTRICO DOMICILIARIO EN ZONAS RURALES EN 3 UNIDADES PRODUCTORAS 3 DISTRITOS DE LAS PROVINCIAS DE LAURICOCHA, HUANUCO DEL DEPARTAMENTO DE HUANUCO",0046. ACCESO Y USO DE LA ELECTRIFICACION RURAL,399011.0,254381.0,0.0,0.0,0.0,2026-09-15 09:00:27
Detalle MINEM,ENERGIA Y MINAS,016. M. DE ENERGIA Y MINAS,005. MEM - DIRECCION GENERAL DE ELECTRIFICACION RURAL,PROYECTO,6. ADQUISICION DE ACTIVOS NO FINANCIEROS,5. RECURSOS DETERMINADOS,"2339380. CREACION DEL SERVICIO DE ENERGIA ELECTRICA MEDIANTE SISTEMA CONVENCIONAL EN LAS LOCALIDADES Y/O SECTORES DE LAS PROVINCIAS DE MARISCAL CACERES, HUALLAGA Y BELLAVISTA, DEPARTAMENTO DE SAN MARTIN",0046. ACCESO Y USO DE LA ELECTRIFICACION RURAL,385499.0,379998.3,94496.3,94460.3,94460.3,2026-09-15 09:00:27
Detalle MINEM,ENERGIA Y MINAS,016. M. DE ENERGIA Y MINAS,005. MEM - DIRECCION GENERAL DE ELECTRIFICACION RURAL,PROYECTO,6. ADQUISICION DE ACTIVOS NO FINANCIEROS,2. RECURSOS DIRECTAMENTE RECAUDADOS,2661609. CREACION DEL SERVICIO DE SUMINISTRO ELECTRICO DOMICILIARIO EN ZONAS RURALES EN 3 UNIDADES PRODUCTORAS 3 DISTRITOS DE LA PROVINCIA DE CHANCHAMAYO DEL DEPARTAMENTO DE JUNIN,0046. ACCESO Y USO DE LA ELECTRIFICACION RURAL,381469.0,381468.0,0.0,0.0,0.0,2026-09-15 09:00:27
Detalle MINEM,ENERGIA Y MINAS,016. M. DE ENERGIA Y MINAS,005. MEM - DIRECCION GENERAL DE ELECTRIFICACION RURAL,PROYECTO,6. ADQUISICION DE ACTIVOS NO FINANCIEROS,2. RECURSOS DIRECTAMENTE RECAUDADOS,2234219. INSTALACION DEL SISTEMA ELECTRICO RURAL CELENDIN FASE III,0046. ACCESO Y USO DE LA ELECTRIFICACION RURAL,360982.0,346542.82,346542.82,346542.82,346542.82,2026-09-15 09:00:27
Detalle MINEM,ENERGIA Y MINAS,221. INSTITUTO GEOLOGICO MINERO Y METALURGICO,001. INSTITUTO GEOLOGICO MINERO Y METALURGICO,ACTIVIDAD,2. PENSIONES Y OTRAS PRESTACIONES SOCIALES,1. RECURSOS ORDINARIOS,,0068. REDUCCION DE VULNERABILIDAD Y ATENCION DE EMERGENCIAS POR DESASTRES,358336.0,358336.0,358336.0,211151.9,211151.9,2026-09-15 09:00:27
Detalle MINEM,ENERGIA Y MINAS,016. M. DE ENERGIA Y MINAS,005. MEM - DIRECCION GENERAL DE ELECTRIFICACION RURAL,PROYECTO,6. ADQUISICION DE ACTIVOS NO FINANCIEROS,2. RECURSOS DIRECTAMENTE RECAUDADOS,2713083. CREACION DEL SERVICIO DE SUMINISTRO ELECTRICO DOMICILIARIO EN ZONAS RURALES EN SER AJOYANI DISTRITO DE AJOYANI DE LA PROVINCIA DE CARABAYA DEL DEPARTAMENTO DE PUNO,0046. ACCESO Y USO DE LA ELECTRIFICACION RURAL,357390.0,357390.0,0.0,0.0,0.0,2026-09-15 09:00:27
Detalle MINEM,ENERGIA Y MINAS,016. M. DE ENERGIA Y MINAS,005. MEM - DIRECCION GENERAL DE ELECTRIFICACION RURAL,PROYECTO,6. ADQUISICION DE ACTIVOS NO FINANCIEROS,5. RECURSOS DETERMINADOS,"2318168. ELECTRIFICACION INTEGRAL DE LA PROVINCIA DE SANTIAGO DE CHUCO, DEPARTAMENTO DE LA LIBERTAD",0046. ACCESO Y USO DE LA ELECTRIFICACION RURAL,343803.0,343803.0,0.0,0.0,0.0,2026-09-15 09:00:27
Detalle MINEM,ENERGIA Y MINAS,220. INSTITUTO PERUANO DE ENERGIA NUCLEAR,001. INSTITUTO PERUANO DE ENERGIA NUCLEAR,ACTIVIDAD,6. ADQUISICION DE ACTIVOS NO FINANCIEROS,1. RECURSOS ORDINARIOS,,"0137. DESARROLLO DE LA CIENCIA, TECNOLOGIA E INNOVACION TECNOLOGICA",342170.0,342168.97,342168.97,92560.97,92560.97,2026-09-15 09:00:27
Detalle MINEM,ENERGIA Y MINAS,220. INSTITUTO PERUANO DE ENERGIA NUCLEAR,001. INSTITUTO PERUANO DE ENERGIA NUCLEAR,ACTIVIDAD,3. BIENES Y SERVICIOS,1. RECURSOS ORDINARIOS,,"0137. DESARROLLO DE LA CIENCIA, TECNOLOGIA E INNOVACION TECNOLOGICA",329421.0,329418.65,329418.65,303747.38,199070.48,2026-09-15 09:00:27
Detalle MINEM,ENERGIA Y MINAS,016. M. DE ENERGIA Y MINAS,005. MEM - DIRECCION GENERAL DE ELECTRIFICACION RURAL,ACTIVIDAD,2. PENSIONES Y OTRAS PRESTACIONES SOCIALES,1. RECURSOS ORDINARIOS,,9001. ACCIONES CENTRALES,327537.0,327437.0,327437.0,228962.03999999998,228962.03999999998,2026-09-15 09:00:27
Detalle MINEM,ENERGIA Y MINAS,016. M. DE ENERGIA Y MINAS,005. MEM - DIRECCION GENERAL DE ELECTRIFICACION RURAL,PROYECTO,6. ADQUISICION DE ACTIVOS NO FINANCIEROS,5. RECURSOS DETERMINADOS,2543441. CREACION ELECTRIFICACION RURAL INTEGRAL EN 2 DISTRITOS DE LA PROVINCIA LA MAR DEL DEPARTAMENTO DE AYACUCHO,0046. ACCESO Y USO DE LA ELECTRIFICACION RURAL,326587.0,274592.20999999996,248062.61,248062.61000000002,248062.61000000002,2026-09-15 09:00:27
Detalle MINEM,ENERGIA Y MINAS,016. M. DE ENERGIA Y MINAS,005. MEM - DIRECCION GENERAL DE ELECTRIFICACION RURAL,ACTIVIDAD,6. ADQUISICION DE ACTIVOS NO FINANCIEROS,2. RECURSOS DIRECTAMENTE RECAUDADOS,,0046. ACCESO Y USO DE LA ELECTRIFICACION RURAL,313887.0,111840.1,111840.09999999999,111840.09999999999,111840.09999999999,2026-09-15 09:00:27
Detalle MINEM,ENERGIA Y MINAS,016. M. DE ENERGIA Y MINAS,005. MEM - DIRECCION GENERAL DE ELECTRIFICACION RURAL,PROYECTO,6. ADQUISICION DE ACTIVOS NO FINANCIEROS,2. RECURSOS DIRECTAMENTE RECAUDADOS,2656639. AMPLIACION DEL SERVICIO DE SUMINISTRO ELECTRICO DOMICILIARIO EN ZONAS RURALES EN 12 UNIDADES PRODUCTORAS 12 DISTRITOS DE 5 PROVINCIAS DEL DEPARTAMENTO DE SAN MARTIN,0046. ACCESO Y USO DE LA ELECTRIFICACION RURAL,301141.0,301141.0,0.0,0.0,0.0,2026-09-15 09:00:27
Detalle MINEM,ENERGIA Y MINAS,016. M. DE ENERGIA Y MINAS,005. MEM - DIRECCION GENERAL DE ELECTRIFICACION RURAL,PROYECTO,6. ADQUISICION DE ACTIVOS NO FINANCIEROS,5. RECURSOS DETERMINADOS,2327106. AMPLIACION DE REDES DE DISTRIBUCION EN EL DEPARTAMENTO DE AMAZONAS,0046. ACCESO Y USO DE LA ELECTRIFICACION RURAL,300251.0,272264.57,86264.57,86264.57,86264.57,2026-09-15 09:00:27
Detalle MINEM,ENERGIA Y MINAS,016. M. DE ENERGIA Y MINAS,005. MEM - DIRECCION GENERAL DE ELECTRIFICACION RURAL,PROYECTO,6. ADQUISICION DE ACTIVOS NO FINANCIEROS,5. RECURSOS DETERMINADOS,"2566056. CREACION ELECTRIFICACION RURAL EN VIVIENDAS DISPERSAS DE 2 DISTRITOS DE LA PROVINCIA DE ZARUMILLA, 3 DISTRITOS DE LA PROVINCIA DE CONTRALMIRANTE VILLAR Y 6 DISTRITOS DE LA PROVINCIA DE TUMBES - DEPARTAMENTO DE TUMBES.",0046. ACCESO Y USO DE LA ELECTRIFICACION RURAL,275405.0,275403.94,220117.8,220117.8,220117.8,2026-09-15 09:00:27
Detalle MINEM,ENERGIA Y MINAS,016. M. DE ENERGIA Y MINAS,005. MEM - DIRECCION GENERAL DE ELECTRIFICACION RURAL,PROYECTO,6. ADQUISICION DE ACTIVOS NO FINANCIEROS,5. RECURSOS DETERMINADOS,2195569. SISTEMA ELECTRICO RURAL SANDIA IV ETAPA,0046. ACCESO Y USO DE LA ELECTRIFICACION RURAL,269850.0,269848.97,269848.97,269848.97,269848.97,2026-09-15 09:00:27
Detalle MINEM,ENERGIA Y MINAS,016. M. DE ENERGIA Y MINAS,005. MEM - DIRECCION GENERAL DE ELECTRIFICACION RURAL,ACTIVIDAD,6. ADQUISICION DE ACTIVOS NO FINANCIEROS,2. RECURSOS DIRECTAMENTE RECAUDADOS,,9001. ACCIONES CENTRALES,267943.0,62720.88,62720.88,60950.88,53288.88,2026-09-15 09:00:27
Detalle MINEM,ENERGIA Y MINAS,016. M. DE ENERGIA Y MINAS,005. MEM - DIRECCION GENERAL DE ELECTRIFICACION RURAL,PROYECTO,6. ADQUISICION DE ACTIVOS NO FINANCIEROS,2. RECURSOS DIRECTAMENTE RECAUDADOS,"2251104. AMPLIACION DE REDES ELECTRICAS EN LAS ZONAS RURALES DE LOS DISTRITOS DE CHANCHAMAYO, SAN RAMON, PACCHA, RICRAN, CARHUAMAYO Y ULCUMAYO I ETAPA DE LA REGION JUNIN",0046. ACCESO Y USO DE LA ELECTRIFICACION RURAL,256697.0,102352.36,0.0,0.0,0.0,2026-09-15 09:00:27
Detalle MINEM,ENERGIA Y MINAS,016. M. DE ENERGIA Y MINAS,005. MEM - DIRECCION GENERAL DE ELECTRIFICACION RURAL,PROYECTO,6. ADQUISICION DE ACTIVOS NO FINANCIEROS,2. RECURSOS DIRECTAMENTE RECAUDADOS,2233765. AMPLIACION DEL SISTEMA ELECTRICO RURAL DE LAS LOCALIDADES DEL DISTRITO DE PUERTO BERMUDEZ-PROVINCIA DE OXAPAMPA-PASCO,0046. ACCESO Y USO DE LA ELECTRIFICACION RURAL,245000.0,244999.82,155174.91,155174.91,155174.91,2026-09-15 09:00:27
Detalle MINEM,ENERGIA Y MINAS,016. M. DE ENERGIA Y MINAS,005. MEM - DIRECCION GENERAL DE ELECTRIFICACION RURAL,PROYECTO,6. ADQUISICION DE ACTIVOS NO FINANCIEROS,5. RECURSOS DETERMINADOS,"2148309. MEJORAMIENTO Y AMPLIACION DEL SISTEMA ELECTRICO DEL CENTRO POBLADO DE JIVIA E INSTALACION DE SISTEMA ELECTRICO RURAL PARA 7 LOCALIDADES DEL DISTRITO DE JIVIA, PROVINCIA DE LAURICOCHA - HUANUCO",0046. ACCESO Y USO DE LA ELECTRIFICACION RURAL,228000.0,204778.98,204778.98,204778.98,204778.98,2026-09-15 09:00:27
Detalle MINEM,ENERGIA Y MINAS,016. M. DE ENERGIA Y MINAS,005. MEM - DIRECCION GENERAL DE ELECTRIFICACION RURAL,PROYECTO,6. ADQUISICION DE ACTIVOS NO FINANCIEROS,5. RECURSOS DETERMINADOS,"2303727. AMPLIACION DE ELECTRIFICACION RURAL DE LA LOCALIDAD DE YAMBRASBAMBA, DISTRITO DE YAMBRASBAMBA - BONGARA - AMAZONAS",0046. ACCESO Y USO DE LA ELECTRIFICACION RURAL,211519.0,200727.86000000002,200717.86,200717.86,200717.86,2026-09-15 09:00:27
Detalle MINEM,ENERGIA Y MINAS,016. M. DE ENERGIA Y MINAS,005. MEM - DIRECCION GENERAL DE ELECTRIFICACION RURAL,PROYECTO,6. ADQUISICION DE ACTIVOS NO FINANCIEROS,5. RECURSOS DETERMINADOS,2322895. AMPLIACION Y MEJORAMIENTO DEL SERVICIO DE ELECTRIFICACION RURAL EN EL VALLE CONDEBAMBA I ETAPA DEL DISTRITO DE CACHACHI - PROVINCIA DE CAJABAMBA - DEPARTAMENTO DE CAJAMARCA,0046. ACCESO Y USO DE LA ELECTRIFICACION RURAL,210000.0,100000.0,0.0,0.0,0.0,2026-09-15 09:00:27
Detalle MINEM,ENERGIA Y MINAS,016. M. DE ENERGIA Y MINAS,005. MEM - DIRECCION GENERAL DE ELECTRIFICACION RURAL,PROYECTO,6. ADQUISICION DE ACTIVOS NO FINANCIEROS,5. RECURSOS DETERMINADOS,"2505355. AMPLIACION DEL SERVICIO DE ELECTRIFICACION RURAL III ETAPA, EN LOS CENTROS POBLADOS Y/O SECTORES UBICADOS EN 8 PROVINCIAS DEL DEPARTAMENTO DE SAN MARTIN",0046. ACCESO Y USO DE LA ELECTRIFICACION RURAL,210000.0,120000.0,0.0,0.0,0.0,2026-09-15 09:00:27
Detalle MINEM,ENERGIA Y MINAS,016. M. DE ENERGIA Y MINAS,005. MEM - DIRECCION GENERAL DE ELECTRIFICACION RURAL,PROYECTO,6. ADQUISICION DE ACTIVOS NO FINANCIEROS,2. RECURSOS DIRECTAMENTE RECAUDADOS,"2354243. CREACION DE ELECTRIFICACION RURAL CUARTA ETAPA PARA 38 LOCALIDADES DE CHONTALI, DISTRITO DE CHONTALI - JAEN - CAJAMARCA",0046. ACCESO Y USO DE LA ELECTRIFICACION RURAL,196995.0,0.0,0.0,0.0,0.0,2026-09-15 09:00:27
Detalle MINEM,ENERGIA Y MINAS,220. INSTITUTO PERUANO DE ENERGIA NUCLEAR,001. INSTITUTO PERUANO DE ENERGIA NUCLEAR,ACTIVIDAD,6. ADQUISICION DE ACTIVOS NO FINANCIEROS,1. RECURSOS ORDINARIOS,,9001. ACCIONES CENTRALES,196270.0,196268.53,196268.53,194026.53,194026.53,2026-09-15 09:00:27
Detalle MINEM,ENERGIA Y MINAS,016. M. DE ENERGIA Y MINAS,005. MEM - DIRECCION GENERAL DE ELECTRIFICACION RURAL,PROYECTO,6. ADQUISICION DE ACTIVOS NO FINANCIEROS,2. RECURSOS DIRECTAMENTE RECAUDADOS,2543630. AMPLIACION DEL SERVICIO DE ENERGIA ELECTRICA EN LA PROVINCIA DEL SANTA Y EN EL DISTRITO DE PAMPAROMAS - DEPARTAMENTO DE ANCASH,0046. ACCESO Y USO DE LA ELECTRIFICACION RURAL,189289.0,180449.97,180449.97,180449.97,180449.95,2026-09-15 09:00:27
Detalle MINEM,ENERGIA Y MINAS,016. M. DE ENERGIA Y MINAS,005. MEM - DIRECCION GENERAL DE ELECTRIFICACION RURAL,PROYECTO,6. ADQUISICION DE ACTIVOS NO FINANCIEROS,2. RECURSOS DIRECTAMENTE RECAUDADOS,2450598. MEJORAMIENTO Y AMPLIACION DEL SISTEMA ELECTRICO EN LA LOCALIDAD DE SOCOS Y 4 ANEXOS DEL DISTRITO DE SOCOS - PROVINCIA DE HUAMANGA - DEPARTAMENTO DE AYACUCHO,0046. ACCESO Y USO DE LA ELECTRIFICACION RURAL,188000.0,0.0,0.0,0.0,0.0,2026-09-15 09:00:27
Detalle MINEM,ENERGIA Y MINAS,016. M. DE ENERGIA Y MINAS,005. MEM - DIRECCION GENERAL DE ELECTRIFICACION RURAL,PROYECTO,6. ADQUISICION DE ACTIVOS NO FINANCIEROS,2. RECURSOS DIRECTAMENTE RECAUDADOS,"2349548. CREACION MEJORAMIENTO Y AMPLIACION DEL SERVICIO DE ENERGIA ELECTRICA MEDIANTE SISTEMA CONVENCIONAL EN LAS LOCALIDADES DE PALENQUE GRANDE, HUANABAMBA, TULPAC, LLUMBUY, LA COLPA, PAMPA LA ARENA, PINDUC, VISTA ALEGRE, BELLAVISTA, COCHABAMBA, CHALLUACANCHA, CHUQUIBAMBA, DATA, ATUEN Y LA JOYA, 11 LOCALIDADES DEL DISTRITO DE CHUQUIBAMBA - PROVINCIA DE CHACHAPOYAS - DEPARTAMENTO DE AMAZONAS",0046. ACCESO Y USO DE LA ELECTRIFICACION RURAL,178857.0,0.0,0.0,0.0,0.0,2026-09-15 09:00:27
Detalle MINEM,ENERGIA Y MINAS,016. M. DE ENERGIA Y MINAS,005. MEM - DIRECCION GENERAL DE ELECTRIFICACION RURAL,PROYECTO,6. ADQUISICION DE ACTIVOS NO FINANCIEROS,2. RECURSOS DIRECTAMENTE RECAUDADOS,"2683058. CREACION DEL SERVICIO DE SUMINISTRO ELECTRICO DOMICILIARIO EN ZONAS RURALES EN LINEAS Y REDES PRIMARIAS, REDES DE DISTRIBUCION SECUNDARIA DE CENTRO POBLADO NUEVO LORETO Y SUS ANEXOS DISTRITO DE PAMPA HERMOSA DE LA PROVINCIA DE UCAYALI DEL DEPARTAMENTO DE LORETO",0046. ACCESO Y USO DE LA ELECTRIFICACION RURAL,177615.0,177615.0,0.0,0.0,0.0,2026-09-15 09:00:27
Detalle MINEM,ENERGIA Y MINAS,016. M. DE ENERGIA Y MINAS,005. MEM - DIRECCION GENERAL DE ELECTRIFICACION RURAL,PROYECTO,6. ADQUISICION DE ACTIVOS NO FINANCIEROS,5. RECURSOS DETERMINADOS,2337549. AMPLIACION DE REDES DE DISTRIBUCION EN EL DEPARTAMENTO DE PASCO,0046. ACCESO Y USO DE LA ELECTRIFICACION RURAL,174881.0,167783.26,84131.73,84131.73000000001,84131.73000000001,2026-09-15 09:00:27
Detalle MINEM,ENERGIA Y MINAS,016. M. DE ENERGIA Y MINAS,005. MEM - DIRECCION GENERAL DE ELECTRIFICACION RURAL,PROYECTO,6. ADQUISICION DE ACTIVOS NO FINANCIEROS,5. RECURSOS DETERMINADOS,"2194059. AMPLIACION Y MEJORAMIENTO DEL SERVICIO DE ENERGIA ELECTRICA MEDIANTE SISTEMA CONVENCIONAL EN LAS LOCALIDADES DE COLCA, QUILLA Y SAN JOSE DE SUCRE, DISTRITO DE COLCA, PROVINCIA DE VICTOR FAJARDO - AYACUCHO",0046. ACCESO Y USO DE LA ELECTRIFICACION RURAL,165917.0,163664.0,7678.0,7678.0,7678.0,2026-09-15 09:00:27
Detalle MINEM,ENERGIA Y MINAS,016. M. DE ENERGIA Y MINAS,005. MEM - DIRECCION GENERAL DE ELECTRIFICACION RURAL,ACTIVIDAD,3. BIENES Y SERVICIOS,1. RECURSOS ORDINARIOS,,9001. ACCIONES CENTRALES,164148.0,164147.2,164147.2,138846.35,138846.34999999998,2026-09-15 09:00:27
Detalle MINEM,ENERGIA Y MINAS,016. M. DE ENERGIA Y MINAS,005. MEM - DIRECCION GENERAL DE ELECTRIFICACION RURAL,PROYECTO,6. ADQUISICION DE ACTIVOS NO FINANCIEROS,5. RECURSOS DETERMINADOS,"2164275. AMPLIACION DE REDES ELECTRICAS EN LAS PROVINCIAS DE CHANCHAMAYO, SATIPO, CHUPACA Y CONCEPCION DE LA REGION JUNIN",0046. ACCESO Y USO DE LA ELECTRIFICACION RURAL,150000.0,150000.0,0.0,0.0,0.0,2026-09-15 09:00:27
Detalle MINEM,ENERGIA Y MINAS,016. M. DE ENERGIA Y MINAS,005. MEM - DIRECCION GENERAL DE ELECTRIFICACION RURAL,PROYECTO,6. ADQUISICION DE ACTIVOS NO FINANCIEROS,5. RECURSOS DETERMINADOS,"2234186. INSTALACION Y AMPLIACION DEL SERVICIO DE ENERGIA ELECTRICA MEDIANTE LA INTERVENCION CONVENCIONAL EN LAS DOCE COMUNIDADES DEL DISTRITO DE SAN MIGUEL, PROVINCIA DE LA MAR - AYACUCHO",0046. ACCESO Y USO DE LA ELECTRIFICACION RURAL,150000.0,150000.0,0.0,0.0,0.0,2026-09-15 09:00:27
Detalle MINEM,ENERGIA Y MINAS,221. INSTITUTO GEOLOGICO MINERO Y METALURGICO,001. INSTITUTO GEOLOGICO MINERO Y METALURGICO,PROYECTO,6. ADQUISICION DE ACTIVOS NO FINANCIEROS,1. RECURSOS ORDINARIOS,2001621. ESTUDIOS DE PRE-INVERSION,9002. ASIGNACIONES PRESUPUESTARIAS QUE NO RESULTAN EN PRODUCTOS,142370.0,142370.0,142370.0,142370.0,9800.0,2026-09-15 09:00:27
Detalle MINEM,ENERGIA Y MINAS,016. M. DE ENERGIA Y MINAS,005. MEM - DIRECCION GENERAL DE ELECTRIFICACION RURAL,PROYECTO,6. ADQUISICION DE ACTIVOS NO FINANCIEROS,2. RECURSOS DIRECTAMENTE RECAUDADOS,2327106. AMPLIACION DE REDES DE DISTRIBUCION EN EL DEPARTAMENTO DE AMAZONAS,0046. ACCESO Y USO DE LA ELECTRIFICACION RURAL,142157.0,0.0,0.0,0.0,0.0,2026-09-15 09:00:27
Detalle MINEM,ENERGIA Y MINAS,016. M. DE ENERGIA Y MINAS,005. MEM - DIRECCION GENERAL DE ELECTRIFICACION RURAL,PROYECTO,6. ADQUISICION DE ACTIVOS NO FINANCIEROS,2. RECURSOS DIRECTAMENTE RECAUDADOS,2497734. CREACION DEL SERVICIO DE ENERGIA ELECTRICA EN 15 LOCALIDADES DEL DISTRITO DE ORONCCOY - PROVINCIA DE LA MAR - DEPARTAMENTO DE AYACUCHO,0046. ACCESO Y USO DE LA ELECTRIFICACION RURAL,142008.0,100006.78,100006.78,100006.78,100006.78,2026-09-15 09:00:27
Detalle MINEM,ENERGIA Y MINAS,016. M. DE ENERGIA Y MINAS,005. MEM - DIRECCION GENERAL DE ELECTRIFICACION RURAL,PROYECTO,6. ADQUISICION DE ACTIVOS NO FINANCIEROS,5. RECURSOS DETERMINADOS,2356092. MEJORAMIENTO DEL SERVICIO ELECTRICO MEDIANTE CENTRAL SOLAR - EOLICA EN LA LOCALIDAD DE MASISEA - DISTRITO DE MASISEA - PROVINCIA DE CORONEL PORTILLO - DEPARTAMENTO DE UCAYALI,0046. ACCESO Y USO DE LA ELECTRIFICACION RURAL,141739.0,137752.32,77112.32,77112.32,77112.32,2026-09-15 09:00:27
Detalle MINEM,ENERGIA Y MINAS,016. M. DE ENERGIA Y MINAS,005. MEM - DIRECCION GENERAL DE ELECTRIFICACION RURAL,PROYECTO,6. ADQUISICION DE ACTIVOS NO FINANCIEROS,2. RECURSOS DIRECTAMENTE RECAUDADOS,"2538561. AMPLIACION DEL SUB SISTEMA DE DISTRIBUCION PRIMARIA Y SECUNDARIA EN 22.9-13.2/0.380-0.440-0.220 KV EN LAS LOCALIDADES DE VILUYO, HUARIJUYO, PICHACANI, LORIPONGO, TAYPICIRCA, PARCIALIDAD ÑUÑUMARCA Y LA ASOCIACION PROVIVIENDAS DEL DISTRITO DE PICHACANI, PROVINCIA DE PUNO, DEPARTAMENTO DE PUNO",0046. ACCESO Y USO DE LA ELECTRIFICACION RURAL,137495.0,137495.0,0.0,0.0,0.0,2026-09-15 09:00:27
Detalle MINEM,ENERGIA Y MINAS,016. M. DE ENERGIA Y MINAS,005. MEM - DIRECCION GENERAL DE ELECTRIFICACION RURAL,PROYECTO,6. ADQUISICION DE ACTIVOS NO FINANCIEROS,5. RECURSOS DETERMINADOS,2530132. CREACION ELECTRIFICACION RURAL INTEGRAL EN EL DISTRITO DE LOS MOROCHUCOS DE LA PROVINCIA CANGALLO DEL DEPARTAMENTO DE AYACUCHO,0046. ACCESO Y USO DE LA ELECTRIFICACION RURAL,134512.0,133700.97,46700.97,46700.97,46700.97,2026-09-15 09:00:27
Detalle MINEM,ENERGIA Y MINAS,220. INSTITUTO PERUANO DE ENERGIA NUCLEAR,001. INSTITUTO PERUANO DE ENERGIA NUCLEAR,PROYECTO,6. ADQUISICION DE ACTIVOS NO FINANCIEROS,1. RECURSOS ORDINARIOS,"2507965. ADQUISICION DE RECINTO DE FABRICACION DE IODURO DE SODIO I-131 Y CABINA DE BIOSEGURIDAD BLINDADA; EN EL(LA) PLANTA DE PRODUCCION DEL INSTITUTO PERUANO DE ENERGIA NUCLEAR EN LA LOCALIDAD HUARANGAL, DISTRITO DE CARABAYLLO, PROVINCIA LIMA, DEPARTAMENTO LIMA",9002. ASIGNACIONES PRESUPUESTARIAS QUE NO RESULTAN EN PRODUCTOS,128758.0,128758.0,128758.0,0.0,0.0,2026-09-15 09:00:27
Detalle MINEM,ENERGIA Y MINAS,220. INSTITUTO PERUANO DE ENERGIA NUCLEAR,001. INSTITUTO PERUANO DE ENERGIA NUCLEAR,PROYECTO,6. ADQUISICION DE ACTIVOS NO FINANCIEROS,1. RECURSOS ORDINARIOS,"2611578. ADQUISICION DE INSTRUMENTACION NUCLEAR DEL REACTOR DE POTENCIA 10 MW (RP-10); EN EL(LA) DIRECCION DE PRODUCCION DEL INSTITUTO PERUANO DE ENERGIA NUCLEAR EN EL CENTRO POBLADO HUARANGAL, DISTRITO DE CARABAYLLO, PROVINCIA LIMA, DEPARTAMENTO LIMA",9002. ASIGNACIONES PRESUPUESTARIAS QUE NO RESULTAN EN PRODUCTOS,127709.0,127708.29999999999,127708.29999999999,127678.29999999999,127678.29999999999,2026-09-15 09:00:27
Detalle MINEM,ENERGIA Y MINAS,016. M. DE ENERGIA Y MINAS,001. MINISTERIO DE ENERGIA Y MINAS-CENTRAL,ACTIVIDAD,6. ADQUISICION DE ACTIVOS NO FINANCIEROS,1. RECURSOS ORDINARIOS,,9001. ACCIONES CENTRALES,123983.0,123982.48,123982.48,123982.48,123982.48,2026-09-15 09:00:27
Detalle MINEM,ENERGIA Y MINAS,016. M. DE ENERGIA Y MINAS,001. MINISTERIO DE ENERGIA Y MINAS-CENTRAL,ACTIVIDAD,5. OTROS GASTOS,2. RECURSOS DIRECTAMENTE RECAUDADOS,,9001. ACCIONES CENTRALES,123801.0,123801.0,123800.62,123800.62,123800.62,2026-09-15 09:00:27
Detalle MINEM,ENERGIA Y MINAS,221. INSTITUTO GEOLOGICO MINERO Y METALURGICO,001. INSTITUTO GEOLOGICO MINERO Y METALURGICO,ACTIVIDAD,6. ADQUISICION DE ACTIVOS NO FINANCIEROS,4. DONACIONES Y TRANSFERENCIAS,,9002. ASIGNACIONES PRESUPUESTARIAS QUE NO RESULTAN EN PRODUCTOS,122400.0,11859.0,11859.0,11859.0,11859.0,2026-09-15 09:00:27
Detalle MINEM,ENERGIA Y MINAS,016. M. DE ENERGIA Y MINAS,005. MEM - DIRECCION GENERAL DE ELECTRIFICACION RURAL,PROYECTO,6. ADQUISICION DE ACTIVOS NO FINANCIEROS,5. RECURSOS DETERMINADOS,"2180909. INSTALACION ELECTRIFICACION DE LAS LOCALIDADES DE SALAS IV ETAPA, DISTRITO DE SALAS - LAMBAYEQUE - LAMBAYEQUE",0046. ACCESO Y USO DE LA ELECTRIFICACION RURAL,116159.0,9045.19,9045.19,9045.19,9045.19,2026-09-15 09:00:27
Detalle MINEM,ENERGIA Y MINAS,221. INSTITUTO GEOLOGICO MINERO Y METALURGICO,001. INSTITUTO GEOLOGICO MINERO Y METALURGICO,ACTIVIDAD,2. PENSIONES Y OTRAS PRESTACIONES SOCIALES,1. RECURSOS ORDINARIOS,,"0137. DESARROLLO DE LA CIENCIA, TECNOLOGIA E INNOVACION TECNOLOGICA",115497.0,115497.0,115497.0,0.0,0.0,2026-09-15 09:00:27
Detalle MINEM,ENERGIA Y MINAS,016. M. DE ENERGIA Y MINAS,005. MEM - DIRECCION GENERAL DE ELECTRIFICACION RURAL,PROYECTO,6. ADQUISICION DE ACTIVOS NO FINANCIEROS,2. RECURSOS DIRECTAMENTE RECAUDADOS,"2303727. AMPLIACION DE ELECTRIFICACION RURAL DE LA LOCALIDAD DE YAMBRASBAMBA, DISTRITO DE YAMBRASBAMBA - BONGARA - AMAZONAS",0046. ACCESO Y USO DE LA ELECTRIFICACION RURAL,113680.0,21670.61,21669.83,21669.83,21669.83,2026-09-15 09:00:27
Detalle MINEM,ENERGIA Y MINAS,016. M. DE ENERGIA Y MINAS,005. MEM - DIRECCION GENERAL DE ELECTRIFICACION RURAL,PROYECTO,6. ADQUISICION DE ACTIVOS NO FINANCIEROS,2. RECURSOS DIRECTAMENTE RECAUDADOS,"2339380. CREACION DEL SERVICIO DE ENERGIA ELECTRICA MEDIANTE SISTEMA CONVENCIONAL EN LAS LOCALIDADES Y/O SECTORES DE LAS PROVINCIAS DE MARISCAL CACERES, HUALLAGA Y BELLAVISTA, DEPARTAMENTO DE SAN MARTIN",0046. ACCESO Y USO DE LA ELECTRIFICACION RURAL,112833.0,0.0,0.0,0.0,0.0,2026-09-15 09:00:27
Detalle MINEM,ENERGIA Y MINAS,016. M. DE ENERGIA Y MINAS,005. MEM - DIRECCION GENERAL DE ELECTRIFICACION RURAL,PROYECTO,6. ADQUISICION DE ACTIVOS NO FINANCIEROS,5. RECURSOS DETERMINADOS,2436548. AMPLIACION DEL SERVICIO DEL SISTEMA DE ELECTRIFICACION RURAL II ETAPA EN LOCALIDADES Y/O SECTORES UBICADOS EN LAS PROVINCIAS DE MOYOBAMBA Y RIOJA DEL DEPARTAMENTO DE SAN MARTIN,0046. ACCESO Y USO DE LA ELECTRIFICACION RURAL,110925.0,99657.8,9657.8,9657.8,9657.8,2026-09-15 09:00:27
Detalle MINEM,ENERGIA Y MINAS,016. M. DE ENERGIA Y MINAS,005. MEM - DIRECCION GENERAL DE ELECTRIFICACION RURAL,PROYECTO,6. ADQUISICION DE ACTIVOS NO FINANCIEROS,5. RECURSOS DETERMINADOS,2444093. CREACION SERVICIO ELECTRICO EN LA COMUNIDAD DE MAYURIAGA DEL DISTRITO DE MORONA - PROVINCIA DE DATEM DEL MARAÑON - DEPARTAMENTO DE LORETO,0046. ACCESO Y USO DE LA ELECTRIFICACION RURAL,109085.0,109079.15,109079.15,109079.15,109079.15,2026-09-15 09:00:27
Detalle MINEM,ENERGIA Y MINAS,016. M. DE ENERGIA Y MINAS,005. MEM - DIRECCION GENERAL DE ELECTRIFICACION RURAL,PROYECTO,6. ADQUISICION DE ACTIVOS NO FINANCIEROS,2. RECURSOS DIRECTAMENTE RECAUDADOS,2671414. MEJORAMIENTO Y AMPLIACION DEL SERVICIO DE SUMINISTRO ELECTRICO DOMICILIARIO EN ZONAS RURALES EN EL CENTRO POBLADO DE ESTRELLA Y SUS SECTORES EN LA CUENCA DE LACCO YAVERO DEL DISTRITO DE QUELLOUNO DE LA PROVINCIA DE LA CONVENCION DEL DEPARTAMENTO DE CUSCO,0046. ACCESO Y USO DE LA ELECTRIFICACION RURAL,105926.0,105926.0,0.0,0.0,0.0,2026-09-15 09:00:27
Detalle MINEM,ENERGIA Y MINAS,221. INSTITUTO GEOLOGICO MINERO Y METALURGICO,001. INSTITUTO GEOLOGICO MINERO Y METALURGICO,ACTIVIDAD,4. DONACIONES Y TRANSFERENCIAS,1. RECURSOS ORDINARIOS,,9001. ACCIONES CENTRALES,105567.0,105567.0,105566.92,105566.92,105566.92,2026-09-15 09:00:27
Detalle MINEM,ENERGIA Y MINAS,016. M. DE ENERGIA Y MINAS,001. MINISTERIO DE ENERGIA Y MINAS-CENTRAL,ACTIVIDAD,1. PERSONAL Y OBLIGACIONES SOCIALES,2. RECURSOS DIRECTAMENTE RECAUDADOS,,0120. REMEDIACION DE PASIVOS AMBIENTALES MINEROS,102447.0,101676.0,101676.0,68472.77,68472.77,2026-09-15 09:00:27
Detalle MINEM,ENERGIA Y MINAS,016. M. DE ENERGIA Y MINAS,005. MEM - DIRECCION GENERAL DE ELECTRIFICACION RURAL,PROYECTO,6. ADQUISICION DE ACTIVOS NO FINANCIEROS,2. RECURSOS DIRECTAMENTE RECAUDADOS,2541855. CREACION DEL SERVICIO DE SUMINISTRO ELECTRICO DOMICILIARIO EN ZONAS RURALES EN LA LOCALIDAD DE MATA INDIO DISTRITO DE CAYALTI DE LA PROVINCIA DE CHICLAYO DEL DEPARTAMENTO DE LAMBAYEQUE,0046. ACCESO Y USO DE LA ELECTRIFICACION RURAL,102355.0,102355.0,39804.46,39804.46,39804.46,2026-09-15 09:00:27
Detalle MINEM,ENERGIA Y MINAS,016. M. DE ENERGIA Y MINAS,005. MEM - DIRECCION GENERAL DE ELECTRIFICACION RURAL,PROYECTO,6. ADQUISICION DE ACTIVOS NO FINANCIEROS,2. RECURSOS DIRECTAMENTE RECAUDADOS,2541856. CREACION DEL SERVICIO DE SUMINISTRO ELECTRICO DOMICILIARIO EN ZONAS RURALES EN LAS LOCALIDADES DE CERRO LEON Y CAFETAL BAJO DEL DISTRITO DE CAYALTI DE LA PROVINCIA DE CHICLAYO DEL DEPARTAMENTO DE LAMBAYEQUE,0046. ACCESO Y USO DE LA ELECTRIFICACION RURAL,102355.0,102355.0,39804.46,39804.46,39804.46,2026-09-15 09:00:27
Detalle MINEM,ENERGIA Y MINAS,016. M. DE ENERGIA Y MINAS,005. MEM - DIRECCION GENERAL DE ELECTRIFICACION RURAL,PROYECTO,6. ADQUISICION DE ACTIVOS NO FINANCIEROS,2. RECURSOS DIRECTAMENTE RECAUDADOS,2541814. CREACION DEL SERVICIO DE SUMINISTRO ELECTRICO DOMICILIARIO EN ZONAS RURALES EN LA LOCALIDAD EL SAUCE DEL DISTRITO DE CAYALTI DE LA PROVINCIA DE CHICLAYO DEL DEPARTAMENTO DE LAMBAYEQUE,0046. ACCESO Y USO DE LA ELECTRIFICACION RURAL,102355.0,102355.0,39804.46,39804.46,39804.46,2026-09-15 09:00:27
Detalle MINEM,ENERGIA Y MINAS,016. M. DE ENERGIA Y MINAS,005. MEM - DIRECCION GENERAL DE ELECTRIFICACION RURAL,PROYECTO,6. ADQUISICION DE ACTIVOS NO FINANCIEROS,5. RECURSOS DETERMINADOS,"2352059. CREACION DEL SERVICIO DE ENERGIA ELECTRICA MEDIANTE SISTEMA CONVENCIONAL EN 10 LOCALIDADES DE OLMOS, DISTRITO DE OLMOS - LAMBAYEQUE - LAMBAYEQUE",0046. ACCESO Y USO DE LA ELECTRIFICACION RURAL,101465.0,101415.1,101415.1,101415.1,101415.1,2026-09-15 09:00:27
Detalle MINEM,ENERGIA Y MINAS,220. INSTITUTO PERUANO DE ENERGIA NUCLEAR,001. INSTITUTO PERUANO DE ENERGIA NUCLEAR,ACTIVIDAD,5. OTROS GASTOS,1. RECURSOS ORDINARIOS,,9002. ASIGNACIONES PRESUPUESTARIAS QUE NO RESULTAN EN PRODUCTOS,101309.0,92209.0,91642.0,75433.0,72874.0,2026-09-15 09:00:27
Detalle MINEM,ENERGIA Y MINAS,016. M. DE ENERGIA Y MINAS,005. MEM - DIRECCION GENERAL DE ELECTRIFICACION RURAL,PROYECTO,4. DONACIONES Y TRANSFERENCIAS,5. RECURSOS DETERMINADOS,2644178. AMPLIACION DE REDES DE DISTRIBUCION EN LA ZONA NORTE - DEPARTAMENTO DE PUNO,0046. ACCESO Y USO DE LA ELECTRIFICACION RURAL,100032.0,100032.0,100032.0,100032.0,100032.0,2026-09-15 09:00:27
Detalle MINEM,ENERGIA Y MINAS,016. M. DE ENERGIA Y MINAS,005. MEM - DIRECCION GENERAL DE ELECTRIFICACION RURAL,PROYECTO,4. DONACIONES Y TRANSFERENCIAS,5. RECURSOS DETERMINADOS,2684260. AMPLIACION DEL SERVICIO DE SUMINISTRO ELECTRICO DOMICILIARIO EN ZONAS RURALES EN 3 UNIDADES PRODUCTORAS 3 DISTRITOS DE LA PROVINCIA DE LAMPA DEL DEPARTAMENTO DE PUNO,0046. ACCESO Y USO DE LA ELECTRIFICACION RURAL,100032.0,100032.0,100032.0,100032.0,100032.0,2026-09-15 09:00:27
Detalle MINEM,ENERGIA Y MINAS,016. M. DE ENERGIA Y MINAS,005. MEM - DIRECCION GENERAL DE ELECTRIFICACION RURAL,PROYECTO,4. DONACIONES Y TRANSFERENCIAS,5. RECURSOS DETERMINADOS,2665243. CREACION DEL SERVICIO DE SUMINISTRO ELECTRICO DOMICILIARIO EN ZONAS RURALES EN 11 UNIDADES PRODUCTORAS 11 DISTRITOS DE 3 PROVINCIAS DEL DEPARTAMENTO DE MADRE DE DIOS,0046. ACCESO Y USO DE LA ELECTRIFICACION RURAL,100032.0,100032.0,100032.0,100032.0,100032.0,2026-09-15 09:00:27
Detalle MINEM,ENERGIA Y MINAS,016. M. DE ENERGIA Y MINAS,005. MEM - DIRECCION GENERAL DE ELECTRIFICACION RURAL,PROYECTO,4. DONACIONES Y TRANSFERENCIAS,2. RECURSOS DIRECTAMENTE RECAUDADOS,2627789. CREACION DEL SERVICIO DE SUMINISTRO ELECTRICO DOMICILIARIO EN ZONAS RURALES EN 3 UNIDADES PRODUCTORAS 3 DISTRITOS DE LA PROVINCIA DE LORETO DEL DEPARTAMENTO DE LORETO,0046. ACCESO Y USO DE LA ELECTRIFICACION RURAL,100032.0,100032.0,100032.0,100032.0,100032.0,2026-09-15 09:00:27
Detalle MINEM,ENERGIA Y MINAS,016. M. DE ENERGIA Y MINAS,005. MEM - DIRECCION GENERAL DE ELECTRIFICACION RURAL,PROYECTO,4. DONACIONES Y TRANSFERENCIAS,5. RECURSOS DETERMINADOS,"2684259. CREACION DEL SERVICIO DE SUMINISTRO ELECTRICO DOMICILIARIO EN ZONAS RURALES EN SER LAGUNAS, Y URARINAS DISTRITOS DE LAGUNAS, URARINAS DE LAS PROVINCIAS DE ALTO AMAZONAS, LORETO DEL DEPARTAMENTO DE LORETO",0046. ACCESO Y USO DE LA ELECTRIFICACION RURAL,100032.0,100032.0,100032.0,100032.0,100032.0,2026-09-15 09:00:27
Detalle MINEM,ENERGIA Y MINAS,016. M. DE ENERGIA Y MINAS,005. MEM - DIRECCION GENERAL DE ELECTRIFICACION RURAL,PROYECTO,6. ADQUISICION DE ACTIVOS NO FINANCIEROS,5. RECURSOS DETERMINADOS,"2354243. CREACION DE ELECTRIFICACION RURAL CUARTA ETAPA PARA 38 LOCALIDADES DE CHONTALI, DISTRITO DE CHONTALI - JAEN - CAJAMARCA",0046. ACCESO Y USO DE LA ELECTRIFICACION RURAL,87630.0,87623.71,87623.70999999999,87623.70999999999,87623.70999999999,2026-09-15 09:00:27
Detalle MINEM,ENERGIA Y MINAS,220. INSTITUTO PERUANO DE ENERGIA NUCLEAR,001. INSTITUTO PERUANO DE ENERGIA NUCLEAR,ACTIVIDAD,6. ADQUISICION DE ACTIVOS NO FINANCIEROS,4. DONACIONES Y TRANSFERENCIAS,,"0137. DESARROLLO DE LA CIENCIA, TECNOLOGIA E INNOVACION TECNOLOGICA",87184.0,87010.0,87010.0,87010.0,87010.0,2026-09-15 09:00:27
Detalle MINEM,ENERGIA Y MINAS,016. M. DE ENERGIA Y MINAS,005. MEM - DIRECCION GENERAL DE ELECTRIFICACION RURAL,PROYECTO,6. ADQUISICION DE ACTIVOS NO FINANCIEROS,2. RECURSOS DIRECTAMENTE RECAUDADOS,"2450301. MEJORAMIENTO Y AMPLIACION DE LAS REDES ELECTRICAS RURALES, EN MT, BT MEDIANTE SISTEMA CONVENCIONAL - INTERCONECTADO, EN EL DISTRITO DE YAUYUCAN - PROVINCIA DE SANTA CRUZ - DEPARTAMENTO DE CAJAMARCA",0046. ACCESO Y USO DE LA ELECTRIFICACION RURAL,86258.0,22471.620000000003,18971.620000000003,18971.620000000003,18971.620000000003,2026-09-15 09:00:27
Detalle MINEM,ENERGIA Y MINAS,016. M. DE ENERGIA Y MINAS,005. MEM - DIRECCION GENERAL DE ELECTRIFICACION RURAL,PROYECTO,6. ADQUISICION DE ACTIVOS NO FINANCIEROS,5. RECURSOS DETERMINADOS,"2140502. INSTALACION DEL SISTEMA DE ELECTRIFICACION RURAL (LINEA PRIMARIA, RED PRIMARIA Y RED SECUNDARIA) EN LA COMUNIDAD CAMPESINA DE HIGUERANI, DISTRITO DE PACHIA - TACNA - TACNA",0046. ACCESO Y USO DE LA ELECTRIFICACION RURAL,83597.0,8546.47,7738.57,7738.57,7738.57,2026-09-15 09:00:27
Detalle MINEM,ENERGIA Y MINAS,016. M. DE ENERGIA Y MINAS,001. MINISTERIO DE ENERGIA Y MINAS-CENTRAL,ACTIVIDAD,3. BIENES Y SERVICIOS,1. RECURSOS ORDINARIOS,,9002. ASIGNACIONES PRESUPUESTARIAS QUE NO RESULTAN EN PRODUCTOS,83210.0,83209.72,83209.72,63178.969999999994,63178.97,2026-09-15 09:00:27
Detalle MINEM,ENERGIA Y MINAS,016. M. DE ENERGIA Y MINAS,005. MEM - DIRECCION GENERAL DE ELECTRIFICACION RURAL,PROYECTO,6. ADQUISICION DE ACTIVOS NO FINANCIEROS,5. RECURSOS DETERMINADOS,"2174860. INSTALACION DEL SISTEMA ELECTRICO RURAL DE LOS CASERIOS SAN PABLO ALTO, LA MORCILLA BAJA, LA MORCILLA ALTA Y EL PROGRESO, DISTRITO DE JESUS - CAJAMARCA - CAJAMARCA",0046. ACCESO Y USO DE LA ELECTRIFICACION RURAL,72704.0,72702.95,72702.95,72702.95,72702.95,2026-09-15 09:00:27
Detalle MINEM,ENERGIA Y MINAS,220. INSTITUTO PERUANO DE ENERGIA NUCLEAR,001. INSTITUTO PERUANO DE ENERGIA NUCLEAR,ACTIVIDAD,3. BIENES Y SERVICIOS,4. DONACIONES Y TRANSFERENCIAS,,"0137. DESARROLLO DE LA CIENCIA, TECNOLOGIA E INNOVACION TECNOLOGICA",70054.0,8114.35,8114.35,8114.35,8114.35,2026-09-15 09:00:27
Detalle MINEM,ENERGIA Y MINAS,016. M. DE ENERGIA Y MINAS,005. MEM - DIRECCION GENERAL DE ELECTRIFICACION RURAL,PROYECTO,6. ADQUISICION DE ACTIVOS NO FINANCIEROS,5. RECURSOS DETERMINADOS,2446251. CREACION DEL SERVICIO ELECTRICO EN LA COMUNIDAD DE FERNANDO ROSAS DEL DISTRITO DE MORONA - PROVINCIA DE DATEM DEL MARAÑON - DEPARTAMENTO DE LORETO,0046. ACCESO Y USO DE LA ELECTRIFICACION RURAL,69971.0,69970.9,69970.9,69880.9,69880.9,2026-09-15 09:00:27
Detalle MINEM,ENERGIA Y MINAS,220. INSTITUTO PERUANO DE ENERGIA NUCLEAR,001. INSTITUTO PERUANO DE ENERGIA NUCLEAR,ACTIVIDAD,1. PERSONAL Y OBLIGACIONES SOCIALES,4. DONACIONES Y TRANSFERENCIAS,,"0137. DESARROLLO DE LA CIENCIA, TECNOLOGIA E INNOVACION TECNOLOGICA",68200.0,53100.0,53100.0,53100.0,53100.0,2026-09-15 09:00:27
Detalle MINEM,ENERGIA Y MINAS,221. INSTITUTO GEOLOGICO MINERO Y METALURGICO,001. INSTITUTO GEOLOGICO MINERO Y METALURGICO,ACTIVIDAD,5. OTROS GASTOS,1. RECURSOS ORDINARIOS,,9001. ACCIONES CENTRALES,66603.0,43803.86,43803.86,43803.86,43803.86,2026-09-15 09:00:27
Detalle MINEM,ENERGIA Y MINAS,016. M. DE ENERGIA Y MINAS,005. MEM - DIRECCION GENERAL DE ELECTRIFICACION RURAL,PROYECTO,6. ADQUISICION DE ACTIVOS NO FINANCIEROS,2. RECURSOS DIRECTAMENTE RECAUDADOS,"2140502. INSTALACION DEL SISTEMA DE ELECTRIFICACION RURAL (LINEA PRIMARIA, RED PRIMARIA Y RED SECUNDARIA) EN LA COMUNIDAD CAMPESINA DE HIGUERANI, DISTRITO DE PACHIA - TACNA - TACNA",0046. ACCESO Y USO DE LA ELECTRIFICACION RURAL,64142.0,0.0,0.0,0.0,0.0,2026-09-15 09:00:27
Detalle MINEM,ENERGIA Y MINAS,016. M. DE ENERGIA Y MINAS,005. MEM - DIRECCION GENERAL DE ELECTRIFICACION RURAL,ACTIVIDAD,5. OTROS GASTOS,1. RECURSOS ORDINARIOS,,9001. ACCIONES CENTRALES,64007.0,14006.82,14006.82,14006.82,14006.82,2026-09-15 09:00:27
Detalle MINEM,ENERGIA Y MINAS,016. M. DE ENERGIA Y MINAS,005. MEM - DIRECCION GENERAL DE ELECTRIFICACION RURAL,PROYECTO,6. ADQUISICION DE ACTIVOS NO FINANCIEROS,2. RECURSOS DIRECTAMENTE RECAUDADOS,"2566056. CREACION ELECTRIFICACION RURAL EN VIVIENDAS DISPERSAS DE 2 DISTRITOS DE LA PROVINCIA DE ZARUMILLA, 3 DISTRITOS DE LA PROVINCIA DE CONTRALMIRANTE VILLAR Y 6 DISTRITOS DE LA PROVINCIA DE TUMBES - DEPARTAMENTO DE TUMBES.",0046. ACCESO Y USO DE LA ELECTRIFICACION RURAL,63173.0,19292.47,19292.47,19292.47,19292.47,2026-09-15 09:00:27
Detalle MINEM,ENERGIA Y MINAS,016. M. DE ENERGIA Y MINAS,005. MEM - DIRECCION GENERAL DE ELECTRIFICACION RURAL,PROYECTO,6. ADQUISICION DE ACTIVOS NO FINANCIEROS,5. RECURSOS DETERMINADOS,2347313. CREACION DEL SISTEMA DE DISTRIBUCION PRIMARIA Y SECUNDARIA A TENSION 22.9/0.44-0.22KV PARA EL SUMINISTRO ELECTRICO DE LOS SECTORES SAN CARLOS Y CHANCADORA DEL DISTRITO DE SAN HILARION - PROVINCIA DE PICOTA - DEPARTAMENTO DE SAN MARTIN,0046. ACCESO Y USO DE LA ELECTRIFICACION RURAL,58000.0,58000.0,0.0,0.0,0.0,2026-09-15 09:00:27
Detalle MINEM,ENERGIA Y MINAS,016. M. DE ENERGIA Y MINAS,005. MEM - DIRECCION GENERAL DE ELECTRIFICACION RURAL,PROYECTO,6. ADQUISICION DE ACTIVOS NO FINANCIEROS,5. RECURSOS DETERMINADOS,"2229055. CREACION DEL SERVICIO DE ENERGIA ELECTRICA EN LOS ANEXOS DE PALLCA, PIJO, HUACRA, HUACLASH Y CASALLA DEL DISTRITO DE HUANGASCAR, PROVINCIA DE YAUYOS, REGION LIMA",0046. ACCESO Y USO DE LA ELECTRIFICACION RURAL,48674.0,48671.09,48671.09,48671.09,48671.09,2026-09-15 09:00:27
Detalle MINEM,ENERGIA Y MINAS,016. M. DE ENERGIA Y MINAS,001. MINISTERIO DE ENERGIA Y MINAS-CENTRAL,ACTIVIDAD,6. ADQUISICION DE ACTIVOS NO FINANCIEROS,2. RECURSOS DIRECTAMENTE RECAUDADOS,,0126. FORMALIZACION MINERA DE LA PEQUEÑA MINERIA Y MINERIA ARTESANAL,47148.0,26606.0,23352.19,23352.19,11475.24,2026-09-15 09:00:27
Detalle MINEM,ENERGIA Y MINAS,016. M. DE ENERGIA Y MINAS,005. MEM - DIRECCION GENERAL DE ELECTRIFICACION RURAL,PROYECTO,6. ADQUISICION DE ACTIVOS NO FINANCIEROS,2. RECURSOS DIRECTAMENTE RECAUDADOS,2496646. MEJORAMIENTO Y AMPLIACION DEL SISTEMA DE ELECTRIFICACION RURAL DE LA REDES PRIMARIAS Y SECUNDARIAS EN ZONAS FUERA DEL AREA DE CONCESION EN 39 LOCALIDADES DEL DISTRITO DE AZANGARO - PROVINCIA DE AZANGARO - DEPARTAMENTO DE PUNO,0046. ACCESO Y USO DE LA ELECTRIFICACION RURAL,46000.0,0.0,0.0,0.0,0.0,2026-09-15 09:00:27
Detalle MINEM,ENERGIA Y MINAS,016. M. DE ENERGIA Y MINAS,005. MEM - DIRECCION GENERAL DE ELECTRIFICACION RURAL,PROYECTO,6. ADQUISICION DE ACTIVOS NO FINANCIEROS,2. RECURSOS DIRECTAMENTE RECAUDADOS,2305092. INSTALACION Y AMPLIACION DEL SISTEMA ELECTRICO RURAL SAN MIGUEL FASE II-CAJAMARCA,0046. ACCESO Y USO DE LA ELECTRIFICACION RURAL,39241.0,0.0,0.0,0.0,0.0,2026-09-15 09:00:27
Detalle MINEM,ENERGIA Y MINAS,220. INSTITUTO PERUANO DE ENERGIA NUCLEAR,001. INSTITUTO PERUANO DE ENERGIA NUCLEAR,PROYECTO,6. ADQUISICION DE ACTIVOS NO FINANCIEROS,4. DONACIONES Y TRANSFERENCIAS,"2522559. MEJORAMIENTO Y AMPLIACION DE LOS SERVICIOS DE CTI PARA FORTALECER EL SISTEMA NACIONAL DE CIENCIA, TECNOLOGIA E INNOVACION",9002. ASIGNACIONES PRESUPUESTARIAS QUE NO RESULTAN EN PRODUCTOS,37397.0,2730.7,2730.7,2730.7,2730.7,2026-09-15 09:00:27
Detalle MINEM,ENERGIA Y MINAS,016. M. DE ENERGIA Y MINAS,005. MEM - DIRECCION GENERAL DE ELECTRIFICACION RURAL,PROYECTO,6. ADQUISICION DE ACTIVOS NO FINANCIEROS,2. RECURSOS DIRECTAMENTE RECAUDADOS,"2229055. CREACION DEL SERVICIO DE ENERGIA ELECTRICA EN LOS ANEXOS DE PALLCA, PIJO, HUACRA, HUACLASH Y CASALLA DEL DISTRITO DE HUANGASCAR, PROVINCIA DE YAUYOS, REGION LIMA",0046. ACCESO Y USO DE LA ELECTRIFICACION RURAL,36785.0,36519.4,0.0,0.0,0.0,2026-09-15 09:00:27
Detalle MINEM,ENERGIA Y MINAS,221. INSTITUTO GEOLOGICO MINERO Y METALURGICO,001. INSTITUTO GEOLOGICO MINERO Y METALURGICO,ACTIVIDAD,1. PERSONAL Y OBLIGACIONES SOCIALES,4. DONACIONES Y TRANSFERENCIAS,,9002. ASIGNACIONES PRESUPUESTARIAS QUE NO RESULTAN EN PRODUCTOS,36000.0,36000.0,36000.0,21000.0,21000.0,2026-09-15 09:00:27
Detalle MINEM,ENERGIA Y MINAS,016. M. DE ENERGIA Y MINAS,005. MEM - DIRECCION GENERAL DE ELECTRIFICACION RURAL,PROYECTO,6. ADQUISICION DE ACTIVOS NO FINANCIEROS,2. RECURSOS DIRECTAMENTE RECAUDADOS,2446251. CREACION DEL SERVICIO ELECTRICO EN LA COMUNIDAD DE FERNANDO ROSAS DEL DISTRITO DE MORONA - PROVINCIA DE DATEM DEL MARAÑON - DEPARTAMENTO DE LORETO,0046. ACCESO Y USO DE LA ELECTRIFICACION RURAL,35001.0,90.17,90.17,90.17,90.17,2026-09-15 09:00:27
Detalle MINEM,ENERGIA Y MINAS,016. M. DE ENERGIA Y MINAS,005. MEM - DIRECCION GENERAL DE ELECTRIFICACION RURAL,PROYECTO,6. ADQUISICION DE ACTIVOS NO FINANCIEROS,2. RECURSOS DIRECTAMENTE RECAUDADOS,2530132. CREACION ELECTRIFICACION RURAL INTEGRAL EN EL DISTRITO DE LOS MOROCHUCOS DE LA PROVINCIA CANGALLO DEL DEPARTAMENTO DE AYACUCHO,0046. ACCESO Y USO DE LA ELECTRIFICACION RURAL,35000.0,0.0,0.0,0.0,0.0,2026-09-15 09:00:27
Detalle MINEM,ENERGIA Y MINAS,016. M. DE ENERGIA Y MINAS,005. MEM - DIRECCION GENERAL DE ELECTRIFICACION RURAL,PROYECTO,6. ADQUISICION DE ACTIVOS NO FINANCIEROS,5. RECURSOS DETERMINADOS,"2301429. CREACION DEL SERVICIO DE ENERGIA ELECTRICA MEDIANTE SISTEMA CONVENCIONAL EN LAS LOCALIDADES DE LAS CUENCAS 17, 18, 20 Y 21 DEL, DISTRITO DE MAZAMARI - SATIPO - JUNIN",0046. ACCESO Y USO DE LA ELECTRIFICACION RURAL,34340.0,34340.0,34339.24,34339.24,34339.24,2026-09-15 09:00:27
Detalle MINEM,ENERGIA Y MINAS,016. M. DE ENERGIA Y MINAS,005. MEM - DIRECCION GENERAL DE ELECTRIFICACION RURAL,PROYECTO,6. ADQUISICION DE ACTIVOS NO FINANCIEROS,5. RECURSOS DETERMINADOS,2529517. AMPLIACION DE LA ELECTRIFICACION RURAL EN LA LOCALIDAD DE NARANJITO DEL DISTRITO DE CATACHE - PROVINCIA DE SANTA CRUZ - DEPARTAMENTO DE CAJAMARCA,0046. ACCESO Y USO DE LA ELECTRIFICACION RURAL,33653.0,32651.12,32651.12,32651.12,32651.12,2026-09-15 09:00:27
Detalle MINEM,ENERGIA Y MINAS,016. M. DE ENERGIA Y MINAS,005. MEM - DIRECCION GENERAL DE ELECTRIFICACION RURAL,PROYECTO,6. ADQUISICION DE ACTIVOS NO FINANCIEROS,5. RECURSOS DETERMINADOS,2450598. MEJORAMIENTO Y AMPLIACION DEL SISTEMA ELECTRICO EN LA LOCALIDAD DE SOCOS Y 4 ANEXOS DEL DISTRITO DE SOCOS - PROVINCIA DE HUAMANGA - DEPARTAMENTO DE AYACUCHO,0046. ACCESO Y USO DE LA ELECTRIFICACION RURAL,32935.0,32934.6,32934.6,32934.6,32934.6,2026-09-15 09:00:27
Detalle MINEM,ENERGIA Y MINAS,016. M. DE ENERGIA Y MINAS,005. MEM - DIRECCION GENERAL DE ELECTRIFICACION RURAL,PROYECTO,6. ADQUISICION DE ACTIVOS NO FINANCIEROS,2. RECURSOS DIRECTAMENTE RECAUDADOS,"2352059. CREACION DEL SERVICIO DE ENERGIA ELECTRICA MEDIANTE SISTEMA CONVENCIONAL EN 10 LOCALIDADES DE OLMOS, DISTRITO DE OLMOS - LAMBAYEQUE - LAMBAYEQUE",0046. ACCESO Y USO DE LA ELECTRIFICACION RURAL,30050.0,50.0,50.0,50.0,50.0,2026-09-15 09:00:27
Detalle MINEM,ENERGIA Y MINAS,220. INSTITUTO PERUANO DE ENERGIA NUCLEAR,001. INSTITUTO PERUANO DE ENERGIA NUCLEAR,PROYECTO,6. ADQUISICION DE ACTIVOS NO FINANCIEROS,1. RECURSOS ORDINARIOS,"2698456. CONSTRUCCION DE AMBIENTE COMPLEMENTARIO; ADQUISICION DE EQUIPO DE AMBIENTE COMPLEMENTARIO Y MOBILIARIO DE AMBIENTES COMPLEMENTARIOS; EN EL(LA) LA DIRECCION TTEC, PARA OPTIMIZAR LOS SERVICIOS DE PROMOCION Y DIVULGACION CIENTIFICA DEL IPEN DISTRITO DE CARABAYLLO, PROVINCIA LIMA, DEPARTAMENTO LIMA",9002. ASIGNACIONES PRESUPUESTARIAS QUE NO RESULTAN EN PRODUCTOS,29818.0,29817.8,29817.8,29817.8,29817.8,2026-09-15 09:00:27
Detalle MINEM,ENERGIA Y MINAS,016. M. DE ENERGIA Y MINAS,005. MEM - DIRECCION GENERAL DE ELECTRIFICACION RURAL,PROYECTO,6. ADQUISICION DE ACTIVOS NO FINANCIEROS,2. RECURSOS DIRECTAMENTE RECAUDADOS,2529517. AMPLIACION DE LA ELECTRIFICACION RURAL EN LA LOCALIDAD DE NARANJITO DEL DISTRITO DE CATACHE - PROVINCIA DE SANTA CRUZ - DEPARTAMENTO DE CAJAMARCA,0046. ACCESO Y USO DE LA ELECTRIFICACION RURAL,29100.0,29100.0,29100.0,29100.0,29100.0,2026-09-15 09:00:27
Detalle MINEM,ENERGIA Y MINAS,016. M. DE ENERGIA Y MINAS,005. MEM - DIRECCION GENERAL DE ELECTRIFICACION RURAL,PROYECTO,6. ADQUISICION DE ACTIVOS NO FINANCIEROS,2. RECURSOS DIRECTAMENTE RECAUDADOS,2444093. CREACION SERVICIO ELECTRICO EN LA COMUNIDAD DE MAYURIAGA DEL DISTRITO DE MORONA - PROVINCIA DE DATEM DEL MARAÑON - DEPARTAMENTO DE LORETO,0046. ACCESO Y USO DE LA ELECTRIFICACION RURAL,28587.0,0.0,0.0,0.0,0.0,2026-09-15 09:00:27
Detalle MINEM,ENERGIA Y MINAS,016. M. DE ENERGIA Y MINAS,005. MEM - DIRECCION GENERAL DE ELECTRIFICACION RURAL,PROYECTO,6. ADQUISICION DE ACTIVOS NO FINANCIEROS,2. RECURSOS DIRECTAMENTE RECAUDADOS,2519329. MEJORAMIENTO Y AMPLIACION DEL SERVICIO DE ELECTRIFICACION RURAL DE LA LOCALIDAD DE CCOCHACCASA Y MILLPO DEL DISTRITO DE CCOCHACCASA - PROVINCIA DE ANGARAES - DEPARTAMENTO DE HUANCAVELICA,0046. ACCESO Y USO DE LA ELECTRIFICACION RURAL,28332.0,0.0,0.0,0.0,0.0,2026-09-15 09:00:27
Detalle MINEM,ENERGIA Y MINAS,016. M. DE ENERGIA Y MINAS,005. MEM - DIRECCION GENERAL DE ELECTRIFICACION RURAL,PROYECTO,6. ADQUISICION DE ACTIVOS NO FINANCIEROS,5. RECURSOS DETERMINADOS,2234218. INSTALACION DEL SISTEMA ELECTRICO RURAL CELENDIN FASE II,0046. ACCESO Y USO DE LA ELECTRIFICACION RURAL,27000.0,0.0,0.0,0.0,0.0,2026-09-15 09:00:27
Detalle MINEM,ENERGIA Y MINAS,016. M. DE ENERGIA Y MINAS,005. MEM - DIRECCION GENERAL DE ELECTRIFICACION RURAL,PROYECTO,6. ADQUISICION DE ACTIVOS NO FINANCIEROS,5. RECURSOS DETERMINADOS,2329293. AMPLIACION DE REDES DE DISTRIBUCION EN LA PROVINCIA DE HUANTA-DEPARTAMENTO DE AYACUCHO,0046. ACCESO Y USO DE LA ELECTRIFICACION RURAL,18532.0,0.0,0.0,0.0,0.0,2026-09-15 09:00:27
Detalle MINEM,ENERGIA Y MINAS,221. INSTITUTO GEOLOGICO MINERO Y METALURGICO,001. INSTITUTO GEOLOGICO MINERO Y METALURGICO,ACTIVIDAD,6. ADQUISICION DE ACTIVOS NO FINANCIEROS,1. RECURSOS ORDINARIOS,,9001. ACCIONES CENTRALES,10015.0,9796.1,9796.1,9796.1,9296.1,2026-09-15 09:00:27
Detalle MINEM,ENERGIA Y MINAS,016. M. DE ENERGIA Y MINAS,005. MEM - DIRECCION GENERAL DE ELECTRIFICACION RURAL,PROYECTO,6. ADQUISICION DE ACTIVOS NO FINANCIEROS,5. RECURSOS DETERMINADOS,"2342717. AMPLIACION DE REDES DE ELECTRIFICACION RURAL DE DISTRIBUCION PRIMARIA 13.8 KV DE LACHE A LOS SECTORES LAS VIÑAS DE LACHE Y RIBERA DE LA ACEQUIA PAIJAN DE LA LOCALIDAD DE CASA GRANDE, DISTRITO DE CASA GRANDE - ASCOPE - LA LIBERTAD",0046. ACCESO Y USO DE LA ELECTRIFICACION RURAL,10000.0,3527.24,3048.51,3048.51,3048.51,2026-09-15 09:00:27
Detalle MINEM,ENERGIA Y MINAS,016. M. DE ENERGIA Y MINAS,005. MEM - DIRECCION GENERAL DE ELECTRIFICACION RURAL,PROYECTO,6. ADQUISICION DE ACTIVOS NO FINANCIEROS,2. RECURSOS DIRECTAMENTE RECAUDADOS,"2318168. ELECTRIFICACION INTEGRAL DE LA PROVINCIA DE SANTIAGO DE CHUCO, DEPARTAMENTO DE LA LIBERTAD",0046. ACCESO Y USO DE LA ELECTRIFICACION RURAL,10000.0,0.0,0.0,0.0,0.0,2026-09-15 09:00:27
Detalle MINEM,ENERGIA Y MINAS,016. M. DE ENERGIA Y MINAS,005. MEM - DIRECCION GENERAL DE ELECTRIFICACION RURAL,PROYECTO,6. ADQUISICION DE ACTIVOS NO FINANCIEROS,2. RECURSOS DIRECTAMENTE RECAUDADOS,"2282746. INSTALACION DEL SISTEMA DE ELECTRIFICACION RURAL DE LA CUENCA DEL RIO NAPO Y CURARAY, DISTRITOS FRONTERIZOS DE NAPO Y TORRES CAUSANA, REGION LORETO",0046. ACCESO Y USO DE LA ELECTRIFICACION RURAL,9011.0,0.0,0.0,0.0,0.0,2026-09-15 09:00:27
Detalle MINEM,ENERGIA Y MINAS,016. M. DE ENERGIA Y MINAS,005. MEM - DIRECCION GENERAL DE ELECTRIFICACION RURAL,PROYECTO,6. ADQUISICION DE ACTIVOS NO FINANCIEROS,2. RECURSOS DIRECTAMENTE RECAUDADOS,2195569. SISTEMA ELECTRICO RURAL SANDIA IV ETAPA,0046. ACCESO Y USO DE LA ELECTRIFICACION RURAL,8020.0,8017.4,8017.4,8017.4,8017.4,2026-09-15 09:00:27
Detalle MINEM,ENERGIA Y MINAS,221. INSTITUTO GEOLOGICO MINERO Y METALURGICO,001. INSTITUTO GEOLOGICO MINERO Y METALURGICO,ACTIVIDAD,6. ADQUISICION DE ACTIVOS NO FINANCIEROS,1. RECURSOS ORDINARIOS,,9002. ASIGNACIONES PRESUPUESTARIAS QUE NO RESULTAN EN PRODUCTOS,6585.0,6584.4,6584.4,6584.4,6584.4,2026-09-15 09:00:27
Detalle MINEM,ENERGIA Y MINAS,016. M. DE ENERGIA Y MINAS,001. MINISTERIO DE ENERGIA Y MINAS-CENTRAL,ACTIVIDAD,5. OTROS GASTOS,2. RECURSOS DIRECTAMENTE RECAUDADOS,,0120. REMEDIACION DE PASIVOS AMBIENTALES MINEROS,5830.0,0.0,0.0,0.0,0.0,2026-09-15 09:00:27
Detalle MINEM,ENERGIA Y MINAS,016. M. DE ENERGIA Y MINAS,005. MEM - DIRECCION GENERAL DE ELECTRIFICACION RURAL,PROYECTO,6. ADQUISICION DE ACTIVOS NO FINANCIEROS,5. RECURSOS DETERMINADOS,2536632. CREACION DEL SISTEMA CONVENCIONAL DE ELECTRIFICACION RURAL EN EL DISTRITO DE OCUVIRI - PROVINCIA DE LAMPA - DEPARTAMENTO DE PUNO,0046. ACCESO Y USO DE LA ELECTRIFICACION RURAL,5167.0,5166.67,5166.67,5166.67,5166.67,2026-09-15 09:00:27
Detalle MINEM,ENERGIA Y MINAS,016. M. DE ENERGIA Y MINAS,005. MEM - DIRECCION GENERAL DE ELECTRIFICACION RURAL,PROYECTO,6. ADQUISICION DE ACTIVOS NO FINANCIEROS,5. RECURSOS DETERMINADOS,"2450301. MEJORAMIENTO Y AMPLIACION DE LAS REDES ELECTRICAS RURALES, EN MT, BT MEDIANTE SISTEMA CONVENCIONAL - INTERCONECTADO, EN EL DISTRITO DE YAUYUCAN - PROVINCIA DE SANTA CRUZ - DEPARTAMENTO DE CAJAMARCA",0046. ACCESO Y USO DE LA ELECTRIFICACION RURAL,2639.0,2638.6,2638.6,2638.6,2638.6,2026-09-15 09:00:27
Detalle MINEM,ENERGIA Y MINAS,221. INSTITUTO GEOLOGICO MINERO Y METALURGICO,001. INSTITUTO GEOLOGICO MINERO Y METALURGICO,ACTIVIDAD,5. OTROS GASTOS,1. RECURSOS ORDINARIOS,,9002. ASIGNACIONES PRESUPUESTARIAS QUE NO RESULTAN EN PRODUCTOS,844.0,0.0,0.0,0.0,0.0,2026-09-15 09:00:27
Detalle MINEM,ENERGIA Y MINAS,016. M. DE ENERGIA Y MINAS,005. MEM - DIRECCION GENERAL DE ELECTRIFICACION RURAL,PROYECTO,6. ADQUISICION DE ACTIVOS NO FINANCIEROS,2. RECURSOS DIRECTAMENTE RECAUDADOS,2152739. SISTEMA ELECTRICO RURAL AYACUCHO CIRCUITO II - III ETAPA,0046. ACCESO Y USO DE LA ELECTRIFICACION RURAL,66.0,65.33,65.33,65.33,65.33,2026-09-15 09:00:27
Detalle MINEM,ENERGIA Y MINAS,220. INSTITUTO PERUANO DE ENERGIA NUCLEAR,001. INSTITUTO PERUANO DE ENERGIA NUCLEAR,PROYECTO,6. ADQUISICION DE ACTIVOS NO FINANCIEROS,1. RECURSOS ORDINARIOS,"2698803. CONSTRUCCION DE LABORATORIO; ADQUISICION DE EQUIPO DE LABORATORIO Y SOFTWARE; EN EL(LA) DIRECCION DE SERVICIOS PARA OPTIMIZAR LOS SERVICIOS DE CALIBRACION DE DETECTORES DE NEUTRONES DEL CENTRO NUCLEAR DE INVESTIGACION DEL IPEN DISTRITO DE CARABAYLLO, PROVINCIA LIMA, DEPARTAMENTO LIMA",9002. ASIGNACIONES PRESUPUESTARIAS QUE NO RESULTAN EN PRODUCTOS,0.0,0.0,0.0,0.0,0.0,2026-09-15 09:00:27
Detalle MINEM,ENERGIA Y MINAS,016. M. DE ENERGIA Y MINAS,001. MINISTERIO DE ENERGIA Y MINAS-CENTRAL,ACTIVIDAD,3. BIENES Y SERVICIOS,1. RECURSOS ORDINARIOS,,0120. REMEDIACION DE PASIVOS AMBIENTALES MINEROS,0.0,0.0,0.0,0.0,0.0,2026-09-15 09:00:27
Detalle MINEM,ENERGIA Y MINAS,016. M. DE ENERGIA Y MINAS,005. MEM - DIRECCION GENERAL DE ELECTRIFICACION RURAL,PROYECTO,6. ADQUISICION DE ACTIVOS NO FINANCIEROS,5. RECURSOS DETERMINADOS,2250436. INSTALACION Y AMPLIACION DEL SISTEMA ELECTRICO RURAL SAN MIGUEL FASE I-CAJAMARCA,0046. ACCESO Y USO DE LA ELECTRIFICACION RURAL,0.0,0.0,0.0,0.0,0.0,2026-09-15 09:00:27
Detalle MINEM,ENERGIA Y MINAS,220. INSTITUTO PERUANO DE ENERGIA NUCLEAR,001. INSTITUTO PERUANO DE ENERGIA NUCLEAR,PROYECTO,6. ADQUISICION DE ACTIVOS NO FINANCIEROS,1. RECURSOS ORDINARIOS,"2722718. ADQUISICION DE OMNIBUS Y OMNIBUS; EN EL(LA) OFICINA DE ADMINISTRACION DEL INSTITUTO PERUANO DE ENERGIA NUCLEAR DISTRITO DE CARABAYLLO, PROVINCIA LIMA, DEPARTAMENTO LIMA",9002. ASIGNACIONES PRESUPUESTARIAS QUE NO RESULTAN EN PRODUCTOS,0.0,0.0,0.0,0.0,0.0,2026-09-15 09:00:27
Detalle MINEM,ENERGIA Y MINAS,016. M. DE ENERGIA Y MINAS,005. MEM - DIRECCION GENERAL DE ELECTRIFICACION RURAL,PROYECTO,6. ADQUISICION DE ACTIVOS NO FINANCIEROS,5. RECURSOS DETERMINADOS,"2483413. MEJORAMIENTO DE LINEAS Y REDES PRIMARIAS 22,9 KV SET SAN GABAN - PUERTO MANOA - VISTA ALEGRE DISTRITO DE SAN GABAN - PROVINCIA DE CARABAYA - DEPARTAMENTO DE PUNO",0046. ACCESO Y USO DE LA ELECTRIFICACION RURAL,0.0,0.0,0.0,0.0,0.0,2026-09-15 09:00:27
Detalle MINEM,ENERGIA Y MINAS,220. INSTITUTO PERUANO DE ENERGIA NUCLEAR,001. INSTITUTO PERUANO DE ENERGIA NUCLEAR,PROYECTO,6. ADQUISICION DE ACTIVOS NO FINANCIEROS,1. RECURSOS ORDINARIOS,"2252487. MEJORAMIENTO DEL SERVICIO DE ENERGIA ELECTRICA EN EL CENTRO NUCLEAR RACSO, DISTRITO DE CARABAYLLO, PROVINCIA Y DEPARTAMENTO DE LIMA",9002. ASIGNACIONES PRESUPUESTARIAS QUE NO RESULTAN EN PRODUCTOS,0.0,0.0,0.0,0.0,0.0,2026-09-15 09:00:27
Detalle MINEM,ENERGIA Y MINAS,221. INSTITUTO GEOLOGICO MINERO Y METALURGICO,001. INSTITUTO GEOLOGICO MINERO Y METALURGICO,PROYECTO,6. ADQUISICION DE ACTIVOS NO FINANCIEROS,1. RECURSOS ORDINARIOS,"2717958. ADQUISICION DE EQUIPO DE LABORATORIO; EN EL(LA) (EQUIPO DE PURIFICACION DE ACIDOS) PARA EL LABORATORIO DE QUIMICA DE LA DIRECCION DE LABORATORIOS DEL INSTITUTO GEOLOGICO, MINERO Y METALURGICO - INGEMMET EN EL CENTRO POBLADO SAN FRANCISCO DE BORJA, DISTRITO DE SAN BORJA, PROVINCIA LIMA, DEPARTAMENTO LIMA",9002. ASIGNACIONES PRESUPUESTARIAS QUE NO RESULTAN EN PRODUCTOS,0.0,0.0,0.0,0.0,0.0,2026-09-15 09:00:27
Detalle MINEM,ENERGIA Y MINAS,220. INSTITUTO PERUANO DE ENERGIA NUCLEAR,001. INSTITUTO PERUANO DE ENERGIA NUCLEAR,PROYECTO,6. ADQUISICION DE ACTIVOS NO FINANCIEROS,1. RECURSOS ORDINARIOS,"2519328. RENOVACION DE SISTEMA DE VENTILACION DE CENTRO NUCLEAR; EN EL(LA) PLANTA DE PRODUCCION DEL INSTITUTO PERUANO DE ENERGIA NUCLEAR EN LA LOCALIDAD HUARANGAL, DISTRITO DE CARABAYLLO, PROVINCIA LIMA, DEPARTAMENTO LIMA",9002. ASIGNACIONES PRESUPUESTARIAS QUE NO RESULTAN EN PRODUCTOS,0.0,0.0,0.0,0.0,0.0,2026-09-15 09:00:27
Detalle MINEM,ENERGIA Y MINAS,220. INSTITUTO PERUANO DE ENERGIA NUCLEAR,001. INSTITUTO PERUANO DE ENERGIA NUCLEAR,PROYECTO,6. ADQUISICION DE ACTIVOS NO FINANCIEROS,1. RECURSOS ORDINARIOS,"2721929. CONSTRUCCION DE INFRAESTRUCTURA DE ALMACENAMIENTO; EN EL(LA) OFICINA DE ADMINISTRACION DEL INSTITUTO PERUANO DE ENERGIA NUCLEAR DISTRITO DE CARABAYLLO, PROVINCIA LIMA, DEPARTAMENTO LIMA",9002. ASIGNACIONES PRESUPUESTARIAS QUE NO RESULTAN EN PRODUCTOS,0.0,0.0,0.0,0.0,0.0,2026-09-15 09:00:27
Detalle MINEM,ENERGIA Y MINAS,016. M. DE ENERGIA Y MINAS,005. MEM - DIRECCION GENERAL DE ELECTRIFICACION RURAL,PROYECTO,6. ADQUISICION DE ACTIVOS NO FINANCIEROS,5. RECURSOS DETERMINADOS,2403635. CREACION DEL SERVICIO DE ELECTRIFICACION RURAL MEDIANTE SISTEMA CONVENCIONAL PARA EL CENTRO POBLADO DE HUABAL - DISTRITO DE HUABAL - PROVINCIA DE JAEN - REGION CAJAMARCA,0046. ACCESO Y USO DE LA ELECTRIFICACION RURAL,0.0,0.0,0.0,0.0,0.0,2026-09-15 09:00:27
Detalle MINEM,ENERGIA Y MINAS,220. INSTITUTO PERUANO DE ENERGIA NUCLEAR,001. INSTITUTO PERUANO DE ENERGIA NUCLEAR,PROYECTO,6. ADQUISICION DE ACTIVOS NO FINANCIEROS,1. RECURSOS ORDINARIOS,"2723697. CONSTRUCCION DE TALLER DE MANTENIMIENTO; ADQUISICION DE GRUA; EN EL(LA) DIRRECCION DE PRODUCCION Y DIRECCION DE INVESTIGACION Y DESARROLLO DEL INSTITUTO PERUANO DE ENERGIA NUCLEAR DISTRITO DE CARABAYLLO, PROVINCIA LIMA, DEPARTAMENTO LIMA",9002. ASIGNACIONES PRESUPUESTARIAS QUE NO RESULTAN EN PRODUCTOS,0.0,0.0,0.0,0.0,0.0,2026-09-15 09:00:27
Detalle MINEM,ENERGIA Y MINAS,220. INSTITUTO PERUANO DE ENERGIA NUCLEAR,001. INSTITUTO PERUANO DE ENERGIA NUCLEAR,PROYECTO,6. ADQUISICION DE ACTIVOS NO FINANCIEROS,1. RECURSOS ORDINARIOS,"2705272. ADQUISICION DE EQUIPAMIENTO DE AMBIENTES COMPLEMENTARIOS Y SOFTWARE; REFORZAMIENTO ESTRUCTURAL DE AMBIENTE COMPLEMENTARIO; EN EL(LA) REACTOR NUCLEAR RP-10 (CONDUCTO RADIAL 04 DEL HALL) PARA OPTIMIZAR EL SERVICIO DE IRRADIACION CON NEUTRONES MEDIANTE LA IMPLEMENTACION DE LA TECNICA DE ANALISIS POR ACTIVACION NEUTRONICA DE GAMMAS INMEDIATOS (PGNAA) DEL IPEN EN EL CENTRO POBLADO HUARANGAL, DISTRITO DE CARABAYLLO, PROVINCIA LIMA, DEPARTAMENTO LIMA",9002. ASIGNACIONES PRESUPUESTARIAS QUE NO RESULTAN EN PRODUCTOS,0.0,0.0,0.0,0.0,0.0,2026-09-15 09:00:27
Detalle MINEM,ENERGIA Y MINAS,220. INSTITUTO PERUANO DE ENERGIA NUCLEAR,001. INSTITUTO PERUANO DE ENERGIA NUCLEAR,PROYECTO,6. ADQUISICION DE ACTIVOS NO FINANCIEROS,1. RECURSOS ORDINARIOS,"2470793. CONSTRUCCION DE SISTEMA DE PROTECCION CONTRA INCENDIOS; EN EL(LA) EN EL INSTITUTO PERUANO DE ENERGIA NUCLEAR EN LA LOCALIDAD HUARANGAL, DISTRITO DE CARABAYLLO, PROVINCIA LIMA, DEPARTAMENTO LIMA",9002. ASIGNACIONES PRESUPUESTARIAS QUE NO RESULTAN EN PRODUCTOS,0.0,0.0,0.0,0.0,0.0,2026-09-15 09:00:27
Detalle MINEM,ENERGIA Y MINAS,016. M. DE ENERGIA Y MINAS,005. MEM - DIRECCION GENERAL DE ELECTRIFICACION RURAL,PROYECTO,6. ADQUISICION DE ACTIVOS NO FINANCIEROS,5. RECURSOS DETERMINADOS,"2250138. INSTALACION, AMPLIACION DEL SISTEMA DE ELECTRIFICACION RURAL I ETAPA PARA LAS LOCALIDADES DE PATAZ, DISTRITO DE PATAZ - PATAZ - LA LIBERTAD",0046. ACCESO Y USO DE LA ELECTRIFICACION RURAL,0.0,0.0,0.0,0.0,0.0,2026-09-15 09:00:27
Detalle MINEM,ENERGIA Y MINAS,016. M. DE ENERGIA Y MINAS,005. MEM - DIRECCION GENERAL DE ELECTRIFICACION RURAL,PROYECTO,6. ADQUISICION DE ACTIVOS NO FINANCIEROS,5. RECURSOS DETERMINADOS,"2514666. MEJORAMIENTO Y AMPLIACION DEL SISTEMA ELECTRICO RURAL DE (CONGA BLANCA, CAÑAFISTO, SAN PEDRO Y CUYUMALCA) 4 LOCALIDADES DEL DISTRITO DE CHOTA - PROVINCIA DE CHOTA - DEPARTAMENTO DE CAJAMARCA",0046. ACCESO Y USO DE LA ELECTRIFICACION RURAL,0.0,0.0,0.0,0.0,0.0,2026-09-15 09:00:27
Ranking Sectores,AGRARIO Y DE RIEGO,,,ACTIVIDAD,,,,,2801578971.0,2156951024.0700006,1796374099.5599964,1277822779.689981,1114376541.4499872,2026-09-15 09:00:27
Ranking Sectores,AGRARIO Y DE RIEGO,,,PROYECTO,,,,,873404698.0,791145045.5699991,754092542.9300007,555989152.1700002,489838589.31999993,2026-09-15 09:00:27
Ranking Sectores,AMBIENTAL,,,ACTIVIDAD,,,,,831743244.0,780581749.5699995,748735205.219999,597744417.5799948,507005605.0299951,2026-09-15 09:00:27
Ranking Sectores,AMBIENTAL,,,PROYECTO,,,,,199859176.0,178563489.91000003,169055300.54,164637328.23999995,129892122.71000004,2026-09-15 09:00:27
Ranking Sectores,COMERCIO EXTERIOR Y TURISMO,,,ACTIVIDAD,,,,,573800883.0,521802936.01000017,470500899.48000014,435341448.28000015,324139169.43000007,2026-09-15 09:00:27
Ranking Sectores,COMERCIO EXTERIOR Y TURISMO,,,PROYECTO,,,,,101533650.0,92383565.37999998,92199091.35,91997908.13,62644692.82999998,2026-09-15 09:00:27
Ranking Sectores,CONGRESO DE LA REPUBLICA,,,ACTIVIDAD,,,,,1857734877.0,1566186598.0699978,1527264729.4399996,1092508492.8500004,1011684168.1100003,2026-09-15 09:00:27
Ranking Sectores,CONGRESO DE LA REPUBLICA,,,PROYECTO,,,,,29185578.0,29112724.42,28877923.990000002,27623064.89,26197894.96,2026-09-15 09:00:27
Ranking Sectores,CONTRALORIA GENERAL,,,ACTIVIDAD,,,,,1038304803.0,952628381.1500003,925286085.8800004,681613674.6899993,622691710.4999993,2026-09-15 09:00:27
Ranking Sectores,CONTRALORIA GENERAL,,,PROYECTO,,,,,49437807.0,37678249.71000001,34603569.44,34603569.44,19043323.5,2026-09-15 09:00:27
Ranking Sectores,CULTURA,,,ACTIVIDAD,,,,,654263390.0,616693138.3000001,571434676.6499999,454858481.89999974,390574832.43999964,2026-09-15 09:00:27
Ranking Sectores,CULTURA,,,PROYECTO,,,,,78148674.0,72953126.53,72054115.97,62595465.80000002,47364394.00000001,2026-09-15 09:00:27
Ranking Sectores,DEFENSA,,,ACTIVIDAD,,,,,10506568764.0,9808023449.550001,9478881190.820004,7181667850.430048,6858298779.700039,2026-09-15 09:00:27
Ranking Sectores,DEFENSA,,,PROYECTO,,,,,2651091116.0,2612458913.17,2213620883.5099998,2196714445.92,2152516525.54,2026-09-15 09:00:27
Ranking Sectores,DEFENSORIA DEL PUEBLO,,,ACTIVIDAD,,,,,105599210.0,102950688.01,101684759.66,66597904.07999997,63752378.239999935,2026-09-15 09:00:27
Ranking Sectores,DEFENSORIA DEL PUEBLO,,,PROYECTO,,,,,3017657.0,2949396.23,2220827.74,2217092.9299999997,1717389.12,2026-09-15 09:00:27
Ranking Sectores,DESARROLLO E INCLUSION SOCIAL,,,ACTIVIDAD,,,,,7423584137.0,7289236729.669998,7116070293.639993,5832739192.910007,4727577616.320017,2026-09-15 09:00:27
Ranking Sectores,DESARROLLO E INCLUSION SOCIAL,,,PROYECTO,,,,,49322887.0,47971122.18999999,16432342.29,16184044.799999999,13751017.209999999,2026-09-15 09:00:27
Ranking Sectores,ECONOMIA Y FINANZAS,,,ACTIVIDAD,,,,,44558121243.0,41512117379.72001,41148006762.12991,33628551285.90004,33456371058.04004,2026-09-15 09:00:27
Ranking Sectores,ECONOMIA Y FINANZAS,,,PROYECTO,,,,,757814033.0,671030709.3399999,650722140.3100002,596317225.75,524212503.78000003,2026-09-15 09:00:27
Ranking Sectores,EDUCACION,,,ACTIVIDAD,,,,,15593821775.0,14199580506.37997,13178009265.579998,10704155692.080238,9654084948.53025,2026-09-15 09:00:27
Ranking Sectores,EDUCACION,,,PROYECTO,,,,,2017336431.0,1638775760.4600005,1454600666.2199998,1255566684.4600003,1123889656.8899996,2026-09-15 09:00:27
Ranking Sectores,FUERO MILITAR POLICIAL,,,ACTIVIDAD,,,,,20394018.0,19544276.78,19524605.85,14855295.909999989,12071594.309999991,2026-09-15 09:00:27
Ranking Sectores,INTERIOR,,,ACTIVIDAD,,,,,14952090458.0,14610981205.509998,14143576215.420002,10287509954.909996,10130286889.120005,2026-09-15 09:00:27
Ranking Sectores,INTERIOR,,,PROYECTO,,,,,548090626.0,432779039.93,372569374.20000005,306449251.71,252562122.71,2026-09-15 09:00:27
Ranking Sectores,JUNTA NACIONAL DE JUSTICIA,,,ACTIVIDAD,,,,,50036781.0,43241157.25000002,42438618.36000004,31428237.65000003,27361582.31000003,2026-09-15 09:00:27
Ranking Sectores,JUNTA NACIONAL DE JUSTICIA,,,PROYECTO,,,,,4440118.0,3794612.16,2761924.22,2761924.22,2529745.2199999997,2026-09-15 09:00:27
Ranking Sectores,JURADO NACIONAL DE ELECCIONES,,,ACTIVIDAD,,,,,710308654.0,625370586.59,594176962.4400002,532519897.0500001,453781908.20000005,2026-09-15 09:00:27
Ranking Sectores,JUSTICIA,,,ACTIVIDAD,,,,,2144877670.0,2065721897.3299997,2019702405.4099984,1547317535.309995,1453132121.1199954,2026-09-15 09:00:27
Ranking Sectores,JUSTICIA,,,PROYECTO,,,,,202630462.0,178360334.83999994,165182929.91,162180149.4,107433466.1,2026-09-15 09:00:27
Ranking Sectores,MINISTERIO PUBLICO,,,ACTIVIDAD,,,,,2903175224.0,2886513110.6800003,2857010687.200003,2286772443.0899987,2207647552.7699976,2026-09-15 09:00:27
Ranking Sectores,MINISTERIO PUBLICO,,,PROYECTO,,,,,51503825.0,42210236.75,22653491.98,17701809.68,11445712.05,2026-09-15 09:00:27
Ranking Sectores,MUJER Y POBLACIONES VULNERABLES,,,ACTIVIDAD,,,,,1085532485.0,1043417016.2299993,1036943883.6800013,769118682.7599969,693967941.4199933,2026-09-15 09:00:27
Ranking Sectores,MUJER Y POBLACIONES VULNERABLES,,,PROYECTO,,,,,14840868.0,14788323.0,14760039.13,14400223.540000001,8533892.43,2026-09-15 09:00:27
Ranking Sectores,OFICINA NACIONAL DE PROCESOS ELECTORALES,,,ACTIVIDAD,,,,,2109743816.0,1800049300.810001,1786925193.72,1703682910.8399994,1219197275.1999984,2026-09-15 09:00:27
Ranking Sectores,PODER JUDICIAL,,,ACTIVIDAD,,,,,3873044631.0,3820106710.6800013,3731101055.14,2662425252.600017,2601462201.0500207,2026-09-15 09:00:27
Ranking Sectores,PODER JUDICIAL,,,PROYECTO,,,,,150395653.0,88607224.67,79968839.01,79363363.57,28681487.59,2026-09-15 09:00:27
Ranking Sectores,PRESIDENCIA CONSEJO MINISTROS,,,ACTIVIDAD,,,,,3543599951.0,3327586684.160004,3195745995.2,2855054512.2200475,2440274339.120037,2026-09-15 09:00:27
Ranking Sectores,PRESIDENCIA CONSEJO MINISTROS,,,PROYECTO,,,,,3381226460.0,3228093980.370001,3160557062.12,2521089373.42,2479767664.5500007,2026-09-15 09:00:27
Ranking Sectores,PRODUCCION,,,ACTIVIDAD,,,,,719073917.0,656665249.1799996,625112054.8899996,521805343.2699988,469976289.81999785,2026-09-15 09:00:27
Ranking Sectores,PRODUCCION,,,PROYECTO,,,,,97989122.0,95955270.42,86052455.89,79995220.21,59331031.64999999,2026-09-15 09:00:27
Ranking Sectores,REGISTRO NACIONAL DE IDENTIFICACION Y ESTADO CIVIL,,,ACTIVIDAD,,,,,564114049.0,546584483.2899992,535528099.8999996,448159594.7999995,336430484.1899998,2026-09-15 09:00:27
Ranking Sectores,REGISTRO NACIONAL DE IDENTIFICACION Y ESTADO CIVIL,,,PROYECTO,,,,,6929626.0,4152775.0900000003,4000300.25,3655957.95,3279537.9699999997,2026-09-15 09:00:27
Ranking Sectores,RELACIONES EXTERIORES,,,ACTIVIDAD,,,,,1235979656.0,1124732975.6,1100110895.1500015,899259755.9200004,808518355.3400017,2026-09-15 09:00:27
Ranking Sectores,RELACIONES EXTERIORES,,,PROYECTO,,,,,14857954.0,14701779.68,14609887.66,8682194.58,8006620.3,2026-09-15 09:00:27
Ranking Sectores,SALUD,,,ACTIVIDAD,,,,,13167324333.0,11766005947.530006,11369009808.47999,9673442924.380152,8941426538.630146,2026-09-15 09:00:27
Ranking Sectores,SALUD,,,PROYECTO,,,,,1631939563.0,1605909770.9499998,1586916714.4099996,1511080927.1400003,1184515602.7700002,2026-09-15 09:00:27
Ranking Sectores,TRABAJO Y PROMOCION DEL EMPLEO,,,ACTIVIDAD,,,,,890220838.0,872803124.4399998,686227436.8999997,575257711.0599984,538269297.0499991,2026-09-15 09:00:27
Ranking Sectores,TRABAJO Y PROMOCION DEL EMPLEO,,,PROYECTO,,,,,8969709.0,6868771.789999999,6304386.879999999,5717286.88,4565226.53,2026-09-15 09:00:27
Ranking Sectores,TRANSPORTES Y COMUNICACIONES,,,PROYECTO,,,,,6412457411.0,6181229668.690002,5954371489.37,4213995846.669997,4077512633.1599984,2026-09-15 09:00:27
Ranking Sectores,TRANSPORTES Y COMUNICACIONES,,,ACTIVIDAD,,,,,4847295465.0,4642609005.070003,4189809287.329997,3320683089.8899994,3138802881.420001,2026-09-15 09:00:27
Ranking Sectores,TRIBUNAL CONSTITUCIONAL,,,ACTIVIDAD,,,,,59508488.0,56231578.84,55728679.029999994,38770547.72000003,36050400.89000003,2026-09-15 09:00:27
Ranking Sectores,VIVIENDA CONSTRUCCION Y SANEAMIENTO,,,ACTIVIDAD,,,,,2581852363.0,2362724416.380001,2291399394.880002,2157584693.8400154,2071449169.7800198,2026-09-15 09:00:27
Ranking Sectores,VIVIENDA CONSTRUCCION Y SANEAMIENTO,,,PROYECTO,,,,,1824265687.0,1613671945.9900007,1544327983.1200008,1308634252.3900003,1143275179.2399995,2026-09-15 09:00:27
